Index,CatBoost_Predictions
0,2.478696059758403
1,0.09195801455858366
2,3.8072520316997207
3,0.5743514997821273
4,3.0334091001728907
5,2.5445101529333574
6,-0.42889183314998913
7,4.535017477122692
8,6.605020176918112
9,1.211822053514929
10,1.3163121697244717
11,5.842486633206077
12,2.080448706135014
13,5.18420203489318
14,4.682658433340418
15,3.143359441321031
16,5.446426290497689
17,1.5904756581561545
18,3.046643873097272
19,3.638184506057079
20,6.0562195134931125
21,4.720171542849571
22,3.6355508453309953
23,3.9152977057142766
24,3.1846883644317643
25,4.546211404182486
26,1.353450285486581
27,5.839501296629679
28,3.6162379489283945
29,3.8736284029290466
30,2.916636281466212
31,4.093620869757342
32,1.5228424448872362
33,3.366124103579315
34,3.2577296333453796
35,3.280425345405241
36,12.640677431287198
37,2.763839549854781
38,2.711215241387192
39,3.8264134074897456
40,3.5505994251993265
41,2.8383312178984523
42,3.6737246666197594
43,2.9998115643371195
44,3.2217441456559657
45,2.582594269550361
46,3.6616324486013596
47,2.215523889529062
48,3.6221531049727163
49,1.5913527055242256
50,4.418930765508234
51,2.15472950694567
52,5.617975855758399
53,2.9048539333933716
54,5.912398477003272
55,3.1583214886342628
56,2.8092509594838457
57,4.986649417491714
58,5.179539420024463
59,6.565621890461168
60,1.4845888399969431
61,2.7640717854285843
62,3.312198533065269
63,6.10373759234249
64,1.5035941162512412
65,3.301391120416551
66,0.8112729191102863
67,5.168077017682801
68,4.124783994182058
69,3.355838388870529
70,4.1048147366686605
71,4.361513923959999
72,2.6293913491526
73,1.6286828333846417
74,4.668374895851154
75,1.8292835478932954
76,6.147467311101009
77,2.725570258540814
78,2.399544832332557
79,1.8803830943490514
80,6.070939253212382
81,1.1827725212393108
82,3.622328780356975
83,0.4863387800240142
84,3.1840818511008675
85,5.92181492861887
86,1.9711779840929442
87,2.028706766055579
88,3.6005294375386847
89,7.009091836551197
90,3.4589442881494814
91,7.587564491787897
92,-1.279544721620078
93,4.642553994334849
94,4.501047197080613
95,4.866104681152839
96,5.536320231501509
97,4.38368141182365
98,4.473967848868452
99,4.943666448896864
100,3.86461400811262
101,4.155619058691709
102,7.305779091924152
103,4.058893731533963
104,5.347967149375891
105,5.801715142962614
106,2.213152221101834
107,4.372601369531303
108,1.5981107087426731
109,3.6760123008472316
110,2.527849662758774
111,3.1511423430924785
112,2.0866891041536455
113,3.785249061440138
114,5.604224182036285
115,2.066284487227131
116,4.387155915210962
117,5.314399192338925
118,2.853316189938351
119,7.911841564352722
120,3.2876297827034215
121,1.5927059570939717
122,2.0397400944470436
123,5.954635849025591
124,3.4154981807757325
125,1.8402511021606467
126,5.5819871922264035
127,1.1390105536754471
128,3.3750025897192764
129,6.12458469554934
130,3.6430160711488013
131,-2.367077686838085
132,2.363880763436421
133,-0.601587740196174
134,1.9645362018344266
135,4.586661165960138
136,5.63159096313459
137,1.2129500149860912
138,4.603873552932561
139,3.990521784524341
140,4.860196847193
141,4.785907898761786
142,3.0197426783865207
143,2.9314384117572914
144,4.120090491000967
145,2.4859542706222526
146,4.934888877325348
147,3.5537174352550203
148,3.0971001470021218
149,5.037666003877233
150,2.913785014361727
151,7.299051180340287
152,4.2404907847690065
153,5.88533585677038
154,4.842797275234476
155,5.136029180860547
156,4.489187014471723
157,6.344355506910617
158,2.4702398767190816
159,3.873979516182113
160,2.9003525167824966
161,5.65637675195662
162,2.383016362496563
163,3.534066293084446
164,3.490541751314772
165,2.6393139972849045
166,6.114291070877746
167,0.9241997448584462
168,2.1110376673158244
169,1.475477815572591
170,12.640677431287198
171,4.653967483292104
172,3.442140871840686
173,1.2641528466123342
174,6.612458661009519
175,-1.3308753642864524
176,0.6491957444887868
177,0.43033232606699956
178,0.6391697204314788
179,3.4349745595557657
180,2.743828343863619
181,4.152978355395093
182,4.393854610011903
183,3.916077257103441
184,2.170220023576401
185,5.207304479352349
186,2.6905549006981486
187,1.4913328489677724
188,2.0826459692357187
189,2.6262303583874496
190,3.1805152144086244
191,4.7195548513648315
192,5.47249689139378
193,2.266997496691726
194,2.453888378097256
195,5.5292642973512605
196,-3.7750338521609885
197,4.8173529086289335
198,3.4651424207213366
199,4.61527498388092
200,5.5134628119812135
201,2.665368260872847
202,1.9623024429846636
203,2.3502638543859122
204,5.918761113372117
205,2.4142348300487444
206,3.8893656410750173
207,6.417682169982629
208,1.1548004938333079
209,4.110355426468928
210,2.6082744578960706
211,1.7481259132534295
212,4.019727715569768
213,2.57402707575837
214,1.4393595441338447
215,5.081402135513679
216,1.581605190270607
217,3.574879625611878
218,3.683225718934884
219,5.344528371491667
220,8.766098786484006
221,5.084291134343357
222,1.7481940765062518
223,2.015210364782713
224,4.416567868948764
225,3.540745534024118
226,2.5366644383161336
227,0.4164197389488864
228,6.791596641085005
229,3.497465686559468
230,4.081719638831103
231,1.0101259592090805
232,2.3130772434869495
233,5.822793520757509
234,3.3912705996277666
235,4.72528393549114
236,4.573517133456163
237,2.554457066222887
238,4.592851990173889
239,6.846011412077091
240,2.9603051817782626
241,1.532887334705328
242,3.8526221078835237
243,1.3442677936422358
244,3.1356133883408086
245,7.839849068307823
246,5.5413195379158875
247,3.2886941921320436
248,2.890836339403112
249,4.157417292705544
250,2.778258677080077
251,4.241290417712269
252,4.480317525528523
253,2.0524126857305744
254,-0.3124012815373747
255,3.3334461814677194
256,2.873447047863728
257,3.137253320397188
258,2.8737435652830055
259,0.5919044323618534
260,3.3726074972392577
261,2.231180866542159
262,3.4024076787910107
263,4.501047197080613
264,6.695465676578475
265,2.202859778696225
266,2.3568371761915197
267,1.6601828812162174
268,5.036318202236506
269,1.4549469700570188
270,2.4462171583735843
271,4.490702631658254
272,3.255721700377015
273,4.116588679321047
274,4.9318938091585665
275,3.5485889862600732
276,2.645177846158463
277,4.042050573078551
278,5.288739548496773
279,2.645376196487678
280,1.0468027686495507
281,3.296421510473105
282,2.724618680329791
283,4.775644163776837
284,4.5836740336567035
285,3.504109867721505
286,2.011515455231539
287,1.2682546357508855
288,3.214139291456172
289,6.263340750440113
290,2.9020348883164715
291,5.339076307257919
292,3.0236381521553017
293,2.6480264824992705
294,2.213152221101834
295,5.114309513145902
296,1.1894691637453874
297,2.926715119402997
298,3.568528783038401
299,4.388344619084125
300,-3.6093993065077665
301,1.89796929012649
302,1.5051492303306282
303,3.3339719808210178
304,2.699108066038752
305,4.653148823029898
306,3.842178111004517
307,2.981638877941977
308,3.572473713019155
309,2.807431377777309
310,3.7068125753215924
311,3.0180205431799867
312,0.7944598976743578
313,5.391109015742522
314,3.5219076357189665
315,3.914627850031131
316,3.252649262897213
317,6.00969841602565
318,5.889863238345642
319,5.1219188153892485
320,3.3643318382138276
321,4.024126686235907
322,1.0996503258586698
323,5.534267474621384
324,2.0551015391847933
325,3.6763065558870744
326,4.317711721415062
327,3.6464525331864905
328,4.118857875163133
329,5.74745034073795
330,2.612423322879451
331,2.4542031405503586
332,3.5207082386144126
333,2.051804251841037
334,4.01564636001559
335,3.7888115290109994
336,5.822573685092604
337,2.912818328859247
338,0.6490650813551442
339,3.0951941913974004
340,5.705637710112209
341,2.643543649391479
342,2.5309027906669335
343,3.666721617980459
344,3.88202528294703
345,5.194554531219892
346,3.62486691193032
347,2.901047310013226
348,7.1163253862457605
349,4.831589287209158
350,5.199449822860007
351,-1.1777260728144494
352,3.8128572288439373
353,4.189702177921706
354,3.122678128281945
355,4.049904831275467
356,2.0061807545869703
357,4.499097020014814
358,4.710275052456445
359,1.6299425946462263
360,0.5929995530582199
361,3.7061309822061785
362,4.295484444445116
363,3.0841267366498597
364,8.767610509392245
365,7.159958463844632
366,4.573500534057736
367,3.4401082962064513
368,5.115869750764194
369,2.201235113648017
370,4.756084910899114
371,3.880559176832005
372,0.23810966200502426
373,3.517209609784349
374,1.8895933848711364
375,1.7402389912238283
376,3.4919355392723745
377,1.8275859123438072
378,3.476342846931924
379,7.980782376645105
380,0.8870826073958105
381,4.364644219315621
382,6.213388417315642
383,1.746152926535789
384,3.9678280490346047
385,4.571648883503958
386,5.057256200947955
387,1.9357160830683136
388,1.6538482107414016
389,4.765632198241341
390,2.6832886754344716
391,6.304418280770455
392,4.061319407514985
393,3.878521328698644
394,4.0945397333462346
395,2.099394759552334
396,4.271886323879749
397,3.4677751575400784
398,7.0319275923952596
399,1.655033644030407
400,3.357424311659232
401,5.088758503872796
402,4.030328305001759
403,-1.280632671867294
404,1.0492078711546484
405,2.4669318992596247
406,7.28800707994322
407,3.492631985280583
408,4.432614690988515
409,5.520754255945931
410,4.352282538781039
411,2.8877393712624286
412,4.089781564798204
413,6.658583612491155
414,-0.9942219365361096
415,1.4158935947093707
416,4.934104242427784
417,1.6645948839933837
418,3.316559994606714
419,6.684905608422854
420,4.341663618851442
421,4.2071546777711974
422,1.496123231288033
423,3.554898181205968
424,4.91245915624072
425,2.66790802539367
426,3.506586790195591
427,8.06072861762776
428,6.76346328849527
429,3.95719745537383
430,5.749942393350453
431,2.170220023576401
432,2.923382223878688
433,1.2682546357508855
434,6.8690130491357575
435,7.5976805173945765
436,3.4985914802517426
437,2.650397035077577
438,2.283955825710356
439,4.485473369146631
440,3.367069756712835
441,5.562698567546956
442,7.14696710779816
443,1.5395205045368199
444,4.457716707618529
445,6.504748228777621
446,0.8412790306345066
447,5.339392857771601
448,2.976200611688725
449,5.042016473628218
450,2.7399156203104233
451,2.0973250418609966
452,2.922189581388718
453,7.0031641629072094
454,5.7737772953519855
455,8.301995597742408
456,5.63924397174553
457,4.070699251788621
458,4.436149215480649
459,3.0525581853702843
460,5.988646118601361
461,1.169022841647252
462,2.0257130527584764
463,2.1064843773401254
464,2.3445304078543
465,3.171650292902573
466,3.553277860776044
467,2.160725500617555
468,3.267438283881968
469,3.402756907438184
470,3.7161288780792012
471,2.8610885578908007
472,3.9281684066488394
473,1.6637875495765875
474,3.1871849170130786
475,0.7230957795251771
476,4.330387008255013
477,2.2573835345538447
478,2.1468958278068238
479,4.439320649227188
480,4.13666864321108
481,3.6925718391788913
482,2.2262942737772917
483,3.8858658129264176
484,6.786324028431045
485,3.0494072207866227
486,4.870348409355793
487,1.7978422670974916
488,2.447324603355045
489,4.590617869296275
490,4.0024557296446
491,2.7123481156319995
492,4.522169063981635
493,3.527435610443815
494,5.371731303121576
495,3.440985684829109
496,2.1649739619921338
497,3.362871670054907
498,5.339021783911512
499,2.5064338858390522
500,2.1334383682581057
501,3.6503633211841
502,3.722281002792249
503,4.318874808119555
504,4.069947457936975
505,3.565940805384832
506,4.918899695644848
507,3.4254912848780017
508,1.5097764604641597
509,1.3010901874238905
510,4.8224789551485205
511,6.66429383235595
512,4.543881417671944
513,3.8705536563027207
514,2.907251753959753
515,1.4612458281958678
516,2.3797941826706848
517,2.9837291931842653
518,5.109078598594666
519,5.117411508021155
520,4.824887423009242
521,4.7666762071762845
522,1.9334365997796616
523,3.8685457263758436
524,3.5420516481881403
525,2.840450265462823
526,7.492198668920063
527,3.3367472651398993
528,1.180922546461105
529,3.369173309270256
530,3.3650820024310937
531,2.8737435652830055
532,1.5122396960860796
533,2.2600236137367613
534,3.2290720502433254
535,0.9937868783588213
536,2.128128022773434
537,-5.380829579482297
538,1.560210922197696
539,5.794744459907139
540,3.4651424207213366
541,0.39060472292216497
542,3.26170740533116
543,4.462995295447553
544,3.786603129080358
545,3.554645065957638
546,3.8641502678071347
547,5.477815005363117
548,2.79684456077052
549,3.535166856457676
550,3.0833225579421186
551,4.624508430476365
552,2.6489963716850173
553,3.967023968271988
554,4.243977260620927
555,4.357140416716926
556,6.895761364760275
557,5.050776981214101
558,3.850157801152317
559,1.9449617731138984
560,2.0496081384380034
561,2.9776163473744512
562,-4.531061386586552
563,2.1378368187470898
564,3.024596231349964
565,5.922627734453694
566,5.307734146627132
567,4.138470298140331
568,3.63722585587094
569,4.161202429499223
570,4.72568358080918
571,5.382460884557209
572,1.4649227601936983
573,3.9704739902691917
574,4.630799733125617
575,1.897008737485804
576,4.649341678081189
577,3.554126851296556
578,5.441730131954425
579,6.816985969132421
580,1.4549469700570188
581,6.014000453880136
582,6.534431571409657
583,8.751319235152554
584,3.6455210113859238
585,0.5565561523201064
586,0.48545502074525304
587,1.048811014403367
588,3.529044621495864
589,3.4150976667704604
590,4.555200636020671
591,3.6030029626134095
592,-0.022509938140055752
593,4.579914983838254
594,3.3924280096300348
595,3.5330701481599744
596,1.472835754050661
597,2.8678238324981216
598,7.288408293273967
599,1.5283799061217853
600,2.8836688558717967
601,4.470463172014832
602,1.2649734693288175
603,2.552905019361015
604,4.23173641649371
605,4.182322284980481
606,1.3892775930148247
607,1.2043797408207557
608,2.675649871176796
609,5.227401823787657
610,2.835966481521913
611,0.6485730141976651
612,2.38214330757519
613,3.2447311036482662
614,6.627412058003472
615,6.326651854737893
616,3.475678672485679
617,3.083945445471284
618,5.320241257213387
619,2.483304678336032
620,2.2892380578754468
621,1.804774173886256
622,2.395991809279521
623,2.075509770246388
624,4.415675248703317
625,3.3836408999844965
626,4.8999497948995385
627,6.230674416309791
628,4.515407063668835
629,4.766618001185511
630,0.4122782753849763
631,4.753961017133073
632,0.6683596294973544
633,3.4115969585322334
634,5.384273635922562
635,5.307734146627132
636,2.788094911266058
637,7.5902849739057725
638,3.0257826645082746
639,2.206288625898149
640,2.1392185890331215
641,5.949332781677486
642,2.7765862641654024
643,3.291723218366329
644,7.274156495095354
645,3.2183249746182545
646,6.238461878818537
647,2.5852080878163584
648,3.2764846285328773
649,1.6538482107414016
650,2.4836939472222115
651,2.8494640738039427
652,3.4394789742435354
653,3.8532626920501025
654,5.8161189791735275
655,5.873462692604511
656,4.037676364221565
657,3.756155491689828
658,3.7610340870518106
659,0.1706368491054735
660,1.9873869895174552
661,2.8413217859119606
662,2.8219332135704795
663,5.38920305166211
664,3.1709378208640224
665,7.766922614409528
666,1.130572632770129
667,2.265646191218744
668,2.8208796643200937
669,3.239258236182831
670,4.165213525517726
671,1.7564764761549114
672,7.238089018660515
673,4.942573254905277
674,4.032600779755856
675,4.994880016721202
676,3.8409373699753817
677,5.299957805471039
678,0.7742382822803
679,-1.279544721620078
680,5.715911689075046
681,1.358868468523692
682,2.39564501503137
683,1.7454338685428243
684,6.016721544612493
685,3.0444897514288543
686,3.9208327847449285
687,3.037429726230992
688,3.5387690465116233
689,8.192573631144132
690,4.340217312874393
691,3.096195197393448
692,0.04111235683591419
693,2.2782989913171825
694,2.1636351238408054
695,-4.441540429678994
696,4.220947297576741
697,7.626628654474099
698,1.1891100423781413
699,0.1706912198078161
700,-0.7890202418750558
701,4.631881259877142
702,3.856630155298806
703,4.905057650020439
704,5.502700911332773
705,3.9589639610900793
706,3.119290608796944
707,3.316689020611837
708,2.689819622620855
709,4.738619653908208
710,4.801678916579438
711,5.448997662447248
712,1.1879805447756215
713,2.6519539444789335
714,3.2185016697971025
715,3.5811353513980997
716,5.178958492390622
717,3.0139288528282253
718,4.7323166770490355
719,3.642516907930428
720,2.1066287871665015
721,5.3319013263763795
722,2.964025602605533
723,5.288281346075232
724,2.197341512013552
725,2.3797941826706848
726,4.583499228841306
727,5.213354637515952
728,2.619160511108973
729,3.826236883459154
730,2.7603155454772557
731,5.843527490703183
732,2.153640657681481
733,5.509471303335403
734,3.977855396831953
735,7.131359930604562
736,1.190710767061633
737,3.9677648472387625
738,11.720166192477448
739,2.7987967340119972
740,3.085351422522321
741,2.1622557487865457
742,3.6767161438890055
743,2.162712966947799
744,3.7068125753215924
745,3.6326415888084878
746,6.521670077721982
747,4.842797275234476
748,1.0836907626977155
749,0.972296673405479
750,3.5319426101269285
751,0.6391697204314788
752,3.116023323807415
753,5.220006139377225
754,3.4291183295024856
755,2.69773161658451
756,5.022394075884636
757,3.9176096416898414
758,2.538709425524223
759,1.4027242777065658
760,2.4375791744234028
761,2.5521811204085934
762,4.445695748912703
763,1.8127605129722515
764,3.2521202069151123
765,4.252931607231287
766,2.341163495784837
767,4.231200483932583
768,5.639352575159682
769,2.373028074941293
770,2.975703046730771
771,2.472722431711423
772,1.3077642114191685
773,6.774500131132188
774,-0.8037728218934008
775,4.69144121144486
776,1.486594191973944
777,3.9365599794713693
778,-3.2597546861792166
779,2.8251905794316223
780,1.2036869261404677
781,0.10561266750091436
782,2.3041215653362643
783,3.934230939008254
784,4.083734391293095
785,3.943354702479204
786,6.062698502926268
787,4.244554557547993
788,2.238392149309746
789,-2.0371634305615576
790,5.095679863069765
791,3.4117167590232795
792,6.812033957228564
793,-4.05658604159274
794,4.149884114660178
795,2.1840956984795925
796,2.1636592995987716
797,4.279003194486257
798,3.1891948154585017
799,2.9162121111098678
800,3.4671081898232687
801,1.9277809612848409
802,3.502340415327829
803,3.1253357326046514
804,0.8184792069625
805,5.970543729611558
806,5.053707149932441
807,4.20374325871978
808,2.9203958747330487
809,2.9905489187561187
810,3.2082662315719164
811,4.412323162247501
812,2.9993633113424467
813,-1.1070746450991837
814,3.7520439524574427
815,2.4152866720705237
816,2.552072982855978
817,2.4998428473506404
818,4.393227058331027
819,4.674047913003723
820,1.3172285911011001
821,0.607664614315814
822,4.279003194486257
823,1.3864643705683677
824,2.0565827590499053
825,4.24101396400412
826,3.3106088707977483
827,2.9007817460130743
828,2.985593938437101
829,3.6439625136666716
830,4.232045775545205
831,4.556950149366448
832,2.3691540439492424
833,1.9485398591320129
834,0.759384247393343
835,6.083728204103606
836,3.3340468227415068
837,5.428600834321411
838,5.322330913377666
839,7.8951652355195145
840,4.088228968199389
841,0.8994153998745751
842,2.45311526875364
843,5.053496515752791
844,2.5175275045581733
845,5.729010229589749
846,8.723101535184417
847,3.101035830189068
848,4.405252396799448
849,4.457891271619872
850,2.027922251029918
851,4.4691709445000685
852,1.771185211970068
853,0.5209504481212628
854,0.11696282843159667
855,6.217724058175233
856,4.152945154071687
857,4.413315878191074
858,5.215132199162062
859,3.020985560970708
860,4.201443963490376
861,3.4091970663611493
862,3.781409337012356
863,2.8287400491317296
864,4.872028868289759
865,5.245624702907947
866,3.6918875848647685
867,8.559597789627356
868,3.471207257916793
869,4.348896444415817
870,3.7108426162654378
871,1.7741309786686246
872,1.1823233161514013
873,1.2509862330831378
874,1.432080881551553
875,3.7211277919974597
876,4.402349272502228
877,5.620041384655641
878,5.150119620687708
879,4.85157250907288
880,2.4295423391587763
881,6.029115689123278
882,3.159598267793546
883,4.493058473698879
884,2.603924984293901
885,4.1831880158102495
886,2.1165659794265066
887,3.4400066210962654
888,3.1963868324608224
889,1.349125179846805
890,2.383297314172321
891,6.153885769214909
892,6.730914427396693
893,3.2517031882235363
894,3.0853617851019393
895,6.084340351416429
896,6.8378840979053965
897,3.834936315084067
898,3.5420035656573052
899,2.3823709497008805
900,2.6274884493683253
901,4.230496405641717
902,3.2800068709085064
903,5.201473138647166
904,2.6207606298932387
905,4.018237464243452
906,9.008696209951843
907,8.440510582611736
908,4.270978985825026
909,4.603239876809926
910,3.916667740927969
911,1.6875996299594402
912,4.667428324968811
913,1.8913449016049473
914,1.9391094708665557
915,4.242010750378987
916,3.9082645436172427
917,1.3237742516472975
918,-4.531061386586552
919,3.686076704087508
920,5.3681291077379045
921,7.065696512123319
922,3.7998453252603923
923,1.9034833534183015
924,1.6831726181672804
925,3.481372881071337
926,5.410420001820169
927,3.0415255758843442
928,2.2772699530002836
929,5.208124463110284
930,3.632906057426084
931,2.4538006519311546
932,1.935319960736237
933,0.7475822332989086
934,3.475678672485679
935,8.443784088278772
936,5.693178590923566
937,2.1759143460949946
938,3.0087742371788337
939,5.25265632589621
940,4.3875422716346515
941,2.301067240529026
942,2.0538831292444995
943,1.5402230858966584
944,2.7338384412210988
945,6.992886862629526
946,3.049237252924006
947,1.4647541378219602
948,3.53841075699705
949,2.3827360149305434
950,9.055817986435677
951,2.5209907664908746
952,-0.163506638446953
953,3.004797352569113
954,2.0866891041536455
955,1.7227742795977894
956,3.53165193482778
957,4.842797275234476
958,3.1555136493281375
959,3.643152410657221
960,4.323092554547078
961,6.38412735268375
962,3.179575098341327
963,3.4242766443986903
964,4.763769135164815
965,1.1784979842239212
966,0.36595133133035196
967,2.7127958453631127
968,6.901053759203142
969,3.582938628498684
970,2.994348320258632
971,5.206406690224334
972,0.8598184106260232
973,3.8904292735306596
974,5.767616691012337
975,2.600096906095965
976,6.768896771966283
977,0.04770244823487113
978,4.756084910899114
979,3.4588471236700005
980,1.1773282557351856
981,4.325926150445481
982,2.963530164367884
983,5.8858246702142525
984,1.9582390883479874
985,2.6876219593653206
986,3.951614889384771
987,3.1705734653776187
988,3.1638408196198915
989,3.268897641878058
990,3.356411851449887
991,3.7542388034514387
992,4.437265036768383
993,1.3701457891168327
994,3.8108765466827497
995,5.87625380492897
996,1.5656608751478749
997,2.8659077775063597
998,2.3780325076174296
999,3.7542388034514387
1000,4.133295078466762
1001,3.0962220002676126
1002,3.2224985501661987
1003,3.6594898779483516
1004,0.6622704906295551
1005,6.698067262921722
1006,3.2619548347670535
1007,2.210882244613522
1008,4.330102543728762
1009,1.1024558277276983
1010,3.598983203346911
1011,2.194231813351533
1012,4.318430242850606
1013,4.762574388791584
1014,4.119610402667477
1015,4.058116477839368
1016,6.19964251287905
1017,5.86150351386465
1018,2.8494640738039427
1019,5.304544709001321
1020,2.9680009823075477
1021,1.670369812043567
1022,2.718637511274882
1023,2.929866137307846
1024,3.0826648378516106
1025,3.353507590436331
1026,2.880440141893416
1027,3.2082662315719164
1028,5.582196843099845
1029,3.1944035121825003
1030,2.5316647911560297
1031,3.4029053123987785
1032,-0.6415050085568472
1033,7.404424607036315
1034,4.467185983081239
1035,5.041209592162636
1036,4.580738126371101
1037,3.077258437445598
1038,8.278724346036672
1039,6.864671153763375
1040,3.6061544096604274
1041,2.7454575638980474
1042,3.499674701819856
1043,5.216047515728513
1044,4.984933561417878
1045,4.592851990173889
1046,6.102108755136396
1047,4.206798356753545
1048,3.8236195368951726
1049,4.632543183348737
1050,1.8070537283740893
1051,5.423022450461684
1052,4.38368141182365
1053,2.617190345065959
1054,1.7627583609232
1055,2.777297181243272
1056,3.8761622785721976
1057,2.590083108128244
1058,3.981294701848255
1059,1.76754875452263
1060,2.417778607492714
1061,3.1194559155102213
1062,2.7825063428563537
1063,0.5963080806866263
1064,1.8002309719042435
1065,4.603866545715475
1066,2.7635059721012176
1067,5.62535441379527
1068,3.0670566921556497
1069,4.822604074622313
1070,3.4835337416710277
1071,2.6304273008448886
1072,3.8149775699837583
1073,1.3253630294338818
1074,3.7359440319288897
1075,3.01360977737778
1076,6.376761444237074
1077,3.037485075772456
1078,2.4510526233995846
1079,3.5491228997270423
1080,-3.6093993065077665
1081,8.276822504062762
1082,4.721784146968393
1083,5.155302240481281
1084,3.585939188530447
1085,4.017646016305131
1086,7.582557076869798
1087,5.720104238499039
1088,6.5646902797166895
1089,1.8811292066752683
1090,0.22713909863242732
1091,4.020697696819501
1092,4.076678698157242
1093,2.755198292594419
1094,2.7028310670765525
1095,2.4702398767190816
1096,5.263491386332879
1097,3.282423616550934
1098,1.9674957916994764
1099,7.364548431570309
1100,1.5393065333521432
1101,2.791280232088802
1102,5.181907781544893
1103,5.061522769378116
1104,2.5736469873036256
1105,2.171701808634012
1106,2.5362146955298512
1107,2.3675551138218225
1108,2.757807262714762
1109,2.6297167880429115
1110,0.5268190644955562
1111,3.4045729142959753
1112,6.0238350037616515
1113,4.1665902775163115
1114,2.6056347367245745
1115,4.662842834670241
1116,5.526800767564064
1117,8.36359226875378
1118,2.851128930244325
1119,1.1221894170956928
1120,4.425521910858729
1121,1.8887698215957773
1122,3.8107926531093934
1123,3.663482978867166
1124,3.597192312180537
1125,5.548812926208412
1126,1.4340340100776374
1127,1.8109069386985204
1128,5.042605268791131
1129,0.38914122739601575
1130,1.47804359844532
1131,0.4181772577800582
1132,4.638626128643244
1133,0.7201376844141256
1134,1.5232987228661905
1135,3.48120619491001
1136,3.2644787028597535
1137,4.079495973737505
1138,4.867538053224242
1139,2.3093805957598725
1140,1.952632285201228
1141,5.459304602225588
1142,4.242586343207943
1143,3.8093296787004522
1144,3.1917119002730887
1145,2.081070933652703
1146,3.126204897995755
1147,3.0751256913197538
1148,3.0670566921556497
1149,3.9185672289093927
1150,1.5288521036655132
1151,4.011508998349568
1152,1.1572275581824147
1153,4.638238144354372
1154,4.610526689621405
1155,3.8189509144922296
1156,3.516315538658745
1157,0.5032112756592233
1158,3.4861517844674674
1159,5.688982414372366
1160,2.5011425368255162
1161,4.833018786683951
1162,4.179824402404479
1163,2.4142348300487444
1164,2.459706041877634
1165,-3.689537778758951
1166,4.742490646126947
1167,0.2602434845233783
1168,1.8785570311911826
1169,4.352178386545026
1170,3.8072520316997207
1171,1.1929508125050456
1172,4.543478391889361
1173,4.529877735852501
1174,8.12530213387485
1175,3.9700450223090273
1176,3.1233928469737298
1177,3.4712585528424285
1178,2.8277142699152376
1179,4.081013270465988
1180,5.923151583261612
1181,3.385084472931947
1182,1.1717828365057112
1183,4.146911105626703
1184,3.9262665381535546
1185,2.6555766729245174
1186,4.3861437483285854
1187,4.607138139419015
1188,4.648007389945227
1189,2.4470362497701834
1190,7.187202181850871
1191,7.73885174352495
1192,4.9127906955791225
1193,2.1636592995987716
1194,3.121785649843829
1195,2.9853814646401102
1196,2.3199202352236252
1197,3.6533173602957314
1198,4.452706010417396
1199,1.5381649914058602
1200,5.285027126992834
1201,4.9192602541504895
1202,2.9340835957516926
1203,1.261373901096857
1204,2.5563064440053314
1205,4.759315966450034
1206,3.083433846287705
1207,5.595411553562557
1208,2.548851619915402
1209,5.171003764266093
1210,7.371325763851333
1211,2.26822117393473
1212,1.824051360616199
1213,4.495248671455658
1214,8.746334869152651
1215,4.317028676397401
1216,3.245697124259122
1217,3.7160895959607787
1218,3.0087742371788337
1219,5.481728353818459
1220,4.009862766174044
1221,2.967389730867496
1222,1.2247320923007945
1223,6.47334246155658
1224,4.421383392671258
1225,1.8618882073501946
1226,2.201892081452095
1227,3.585769339375255
1228,3.1407519868005735
1229,2.050616046505299
1230,2.1733595084317945
1231,3.9134299216268458
1232,3.1191412151145643
1233,2.555164599679402
1234,7.224711509011835
1235,6.974199152858831
1236,3.0583643413556696
1237,2.1636592995987716
1238,5.99944129150657
1239,3.874346765769933
1240,2.931449395291812
1241,3.268897641878058
1242,4.938701858357517
1243,3.4094866018862517
1244,1.6792241184175023
1245,4.012460062781072
1246,4.8290319215271325
1247,2.348375693222382
1248,4.446282452788741
1249,6.522426565885654
1250,0.5566142607045581
1251,4.327877414369961
1252,3.9032760270144964
1253,5.180629238285132
1254,5.091310818080847
1255,2.2841237669414847
1256,3.1002314934491055
1257,0.21121298498504704
1258,4.3089437674639
1259,0.31057329065252537
1260,2.91224811213804
1261,3.0283274216710723
1262,1.8348987719710563
1263,3.74686602204065
1264,2.944419747033273
1265,4.776002018372789
1266,2.8325687116412923
1267,3.9228138133772967
1268,2.4697921780942993
1269,1.6837961342284322
1270,3.3744042105732603
1271,2.6876870478078407
1272,4.2264976746682965
1273,2.5390448737683156
1274,3.0248964839938006
1275,3.097109044348464
1276,2.6712857437516218
1277,3.5929939661600345
1278,4.181366322958866
1279,2.294942212696567
1280,2.152210618767195
1281,3.160443946865749
1282,5.914631283006922
1283,3.663083704567057
1284,2.947714439701425
1285,3.9070939050607265
1286,4.322242475017672
1287,5.285027126992834
1288,5.222333767532359
1289,7.93580491827518
1290,2.7704654373473114
1291,5.054317671884606
1292,3.663083704567057
1293,1.96580167863028
1294,3.0581927732622147
1295,6.634781644220206
1296,3.103851479843132
1297,1.8976927771037404
1298,3.4055089419980518
1299,2.2734257332687875
1300,2.6860122454791013
1301,1.9306299331148036
1302,1.2464978894846448
1303,2.956392150537809
1304,5.483178376406376
1305,3.456957472415509
1306,5.122821028081132
1307,6.874606595715171
1308,2.15570666680994
1309,5.709536200796079
1310,6.147467311101009
1311,3.619494177372464
1312,3.294660952464462
1313,4.5442801844394705
1314,3.8093296787004522
1315,1.386251094656815
1316,3.303581945795892
1317,3.9724727875604784
1318,1.4585952545244676
1319,4.870775313404523
1320,3.1848267105585437
1321,2.5256334084052803
1322,7.298091374767948
1323,4.050318284263475
1324,1.143654541731157
1325,2.9619020048439495
1326,2.4257484315456215
1327,3.508909898316897
1328,4.088228968199389
1329,4.327877414369961
1330,1.8553479360918455
1331,4.807374809931183
1332,1.2416384488760581
1333,2.862749036194236
1334,2.8272751456174743
1335,4.08218945719713
1336,4.501047197080613
1337,1.6126469081064165
1338,5.297634731845642
1339,1.9500301832415199
1340,4.078456170954093
1341,3.644864661750233
1342,4.679661798151138
1343,3.771913161253654
1344,2.5863668167594644
1345,4.583338763522994
1346,1.1380859283559057
1347,5.803245142937486
1348,8.982288414311213
1349,3.240695290514243
1350,3.710223558148754
1351,3.5934625868997765
1352,0.35686598832055205
1353,4.086406407640352
1354,4.0253027588391745
1355,3.2804034716107173
1356,2.324512393037466
1357,5.973233532779321
1358,7.626628654474099
1359,2.4474597392145174
1360,1.8205454137454893
1361,2.743516579255136
1362,1.3380821270821959
1363,5.27919610258836
1364,9.868380346402997
1365,-1.434185872587265
1366,1.305610050057468
1367,4.058542255689568
1368,4.793436331209666
1369,4.076910491153306
1370,2.602204902215068
1371,1.9723897015481127
1372,2.4269579607806104
1373,2.841307989092839
1374,1.429789729939944
1375,1.8423085961045247
1376,4.071384382521115
1377,1.7729710610674596
1378,2.0866891041536455
1379,1.4412197298270115
1380,5.204115168760451
1381,5.119143466943546
1382,2.6743827776814575
1383,3.7171525611763054
1384,0.7134372345854709
1385,0.7224324824543586
1386,5.4240349553116625
1387,9.171238914631356
1388,3.6032538933085645
1389,-4.564205494718889
1390,3.849297896362136
1391,4.585816132888352
1392,5.434333882913298
1393,3.4069510459723142
1394,5.0614566142132285
1395,2.694629196067002
1396,4.798841041089701
1397,4.29472112512109
1398,2.1463961847519775
1399,2.8028199418354713
1400,4.807374809931183
1401,3.0594005281515364
1402,3.881958768807663
1403,1.2416210696798973
1404,4.257869356933306
1405,3.053050033916097
1406,2.8199564627940013
1407,1.8111513947606985
1408,8.869920629310023
1409,7.309042387509546
1410,2.7995333118239194
1411,3.1583464909730012
1412,3.0435203663717467
1413,0.4141068733711406
1414,0.31078539068872413
1415,3.412482126633381
1416,2.688763932973216
1417,2.2919961709321552
1418,6.587991275049239
1419,3.3482698485926923
1420,2.18452434556366
1421,4.12534838595597
1422,3.2097576639387833
1423,1.2393287981079943
1424,4.528404031912709
1425,7.475991536015199
1426,6.363754235186681
1427,3.302547981289662
1428,3.187669170599311
1429,3.896261086880837
1430,3.2303769375936673
1431,1.8479272251819971
1432,2.2974969119459727
1433,6.106206675741549
1434,2.646198140620112
1435,3.8621981675621644
1436,0.438973042429152
1437,4.503661687234273
1438,3.0088475157529757
1439,4.532244210898966
1440,2.319403060201821
1441,3.4451302004275
1442,0.06941186519780329
1443,3.2644787028597535
1444,4.344958005815821
1445,4.227708960896144
1446,10.252552296601175
1447,5.363613199102842
1448,5.598300561427043
1449,3.804830081342285
1450,1.8333838511998835
1451,1.572162013346428
1452,2.315364065312817
1453,3.6864702648476455
1454,4.603866545715475
1455,7.807294181663105
1456,3.8676136359201
1457,3.101045311400938
1458,2.0305908910160166
1459,1.886909890936222
1460,3.6851126067936253
1461,1.9303800682109191
1462,2.400752445437185
1463,1.2990921624088543
1464,4.45795095897998
1465,4.298959462235799
1466,4.089980488945943
1467,6.2723297093109345
1468,5.617114268548301
1469,5.237883409130782
1470,5.356306997879647
1471,2.9931106378247527
1472,4.261262665203945
1473,5.114547410577596
1474,5.894541362838312
1475,4.069947457936975
1476,7.51470896055913
1477,3.719269373063817
1478,5.151692134581442
1479,-1.325700379764216
1480,5.387007122447612
1481,4.167072882576226
1482,4.108721263600873
1483,2.6704049607339737
1484,5.882492940972954
1485,3.831571773053655
1486,2.179597106433657
1487,4.128833108905455
1488,2.836367416521645
1489,4.324621706746543
1490,0.8563775162127785
1491,2.5303865487797697
1492,4.185932039402406
1493,3.548291989517418
1494,4.052337879958707
1495,2.8918196280546997
1496,3.5739912079052667
1497,-1.0296769302298747
1498,2.2984181390119724
1499,5.204279096389033
1500,1.9591608843525103
1501,4.959672553634256
1502,5.565827518525064
1503,5.1968068792624615
1504,3.195546815053314
1505,3.315380583990459
1506,1.2394677554510274
1507,4.739834020746817
1508,3.0553222548561427
1509,3.950809729751614
1510,4.626861940920836
1511,2.3738205996127197
1512,-0.42680232693004694
1513,4.341663618851442
1514,5.179023165559546
1515,5.24300213283183
1516,2.250599290209684
1517,1.9633762170488758
1518,2.90153532258841
1519,4.134265427561555
1520,4.279003194486257
1521,7.262946298277411
1522,3.534066293084446
1523,3.9944625316114384
1524,4.892949620988899
1525,-0.9659171430830975
1526,2.5060076395172444
1527,2.1820308551676666
1528,1.4448656473599613
1529,5.272760222037298
1530,5.138906220434367
1531,2.57829300865273
1532,5.100175520809984
1533,3.038069546617567
1534,3.04666057461906
1535,2.66790802539367
1536,2.8308158727971566
1537,2.225525508426068
1538,5.924484564664551
1539,1.631851506741021
1540,4.689976768859333
1541,3.3289197456328044
1542,3.0087742371788337
1543,7.834083106063706
1544,2.7776176312759855
1545,0.7132397217045972
1546,5.773774097169193
1547,4.241872412456858
1548,7.788485572751133
1549,5.227263579617768
1550,2.6968755015837687
1551,4.878810214773006
1552,3.4043569288154076
1553,3.5711617412039347
1554,3.718227025003785
1555,4.6809996618090075
1556,7.3614713047586084
1557,7.258887245302198
1558,3.152482196504552
1559,3.712687202990889
1560,4.291274391853125
1561,2.492587829974361
1562,2.2713945445383663
1563,3.6132482291572865
1564,0.543354163198265
1565,3.0248298237888473
1566,6.0078547686812165
1567,2.8506371897664513
1568,2.9250894525866924
1569,5.001666528444216
1570,4.309995556156515
1571,3.556612472960404
1572,5.010524506589417
1573,6.205784352083739
1574,3.3621917026678694
1575,5.924963576695214
1576,1.1794259048706044
1577,2.942476492197427
1578,0.6205237767459701
1579,1.6716459363483347
1580,3.844417575708204
1581,4.054923722665804
1582,3.9826786352479715
1583,1.0708104095926871
1584,2.1540695859812087
1585,3.0796149617037525
1586,4.0057611366091415
1587,2.70571155257911
1588,0.8787691725052489
1589,3.975912386966388
1590,4.052285255494123
1591,4.052893622179167
1592,4.1478784494388234
1593,4.416567868948764
1594,2.1382971637335118
1595,3.3330575927420525
1596,6.344355506910617
1597,3.806240783317801
1598,5.5135058836888975
1599,9.414348429300393
1600,2.2494200919923104
1601,4.062857109126951
1602,3.014138215043163
1603,3.018494930987139
1604,-0.6470789944242705
1605,2.740829082327305
1606,5.933825685543402
1607,1.944456622863572
1608,2.6240840575944366
1609,5.673238123697725
1610,4.974916874613178
1611,3.05665341010334
1612,1.3680082317281212
1613,5.683236995355164
1614,3.6480975390233294
1615,3.027266006377681
1616,-6.088870183536287
1617,3.50868366275909
1618,3.2438018489039138
1619,3.1555933239110083
1620,3.2577296333453796
1621,2.8934608478533166
1622,2.7383992314795442
1623,2.2742777627905535
1624,5.08220297955727
1625,1.8384137089971053
1626,10.575356945875228
1627,4.405050276749712
1628,1.326065180622067
1629,6.030009036200245
1630,1.3291058994692224
1631,1.4053441992232303
1632,2.1774870246948503
1633,3.8966333161299134
1634,5.106777025567133
1635,1.2149789946987855
1636,2.557014103400962
1637,2.693892474409313
1638,3.9883238963157863
1639,5.928713184333054
1640,4.490411327177205
1641,1.1072083964198884
1642,1.9303800682109191
1643,2.4645349775950534
1644,3.610288272246502
1645,3.793767585535986
1646,4.0913584634754425
1647,4.460498332416341
1648,3.537391466398036
1649,7.941993062022358
1650,6.592383385741698
1651,1.9792336348879054
1652,3.1389806632979687
1653,3.48120619491001
1654,2.926827550219246
1655,3.0035307923356926
1656,1.7847888006924328
1657,3.565940805384832
1658,4.156686605433768
1659,2.6902508485951397
1660,5.453727302202909
1661,2.4933587635348182
1662,2.7701640826808647
1663,3.073678314970814
1664,1.1431507356108441
1665,4.624238912925982
1666,3.192355014601194
1667,3.094003390849212
1668,1.5429911314312421
1669,3.5140923276354012
1670,3.4984998418145463
1671,4.171284514998371
1672,3.576761116179592
1673,3.886463910151813
1674,4.371874599252804
1675,1.6389214412998412
1676,4.826960708394319
1677,2.553448430225228
1678,2.7384871514131874
1679,0.9886109157607104
1680,4.257504682415782
1681,6.136445173528591
1682,4.592492428917289
1683,4.069418105734463
1684,2.2764393505573954
1685,2.3081169184048025
1686,3.5770723034100467
1687,3.5080880238597496
1688,3.051845759194663
1689,5.208752738103257
1690,3.663338479186482
1691,4.604495184178288
1692,1.1899715920893428
1693,5.747497649739254
1694,3.4344569421637305
1695,4.122918052154267
1696,2.737812638632513
1697,7.05295439345827
1698,1.8939395862847976
1699,3.042778964395778
1700,2.591576025942265
1701,1.8932609383229446
1702,5.677170133814247
1703,4.870502093975228
1704,1.9440840589339226
1705,5.079159282898623
1706,5.230084458640889
1707,7.440285432362208
1708,3.232731617949303
1709,2.760806772495107
1710,3.075470966953823
1711,5.990535312665074
1712,7.15483975844691
1713,5.742034401282624
1714,3.7801025250012885
1715,6.952756597810253
1716,3.659606396718072
1717,4.388643108772887
1718,3.03474609853104
1719,3.554126851296556
1720,4.363369438481582
1721,3.912630927078684
1722,2.0524126857305744
1723,5.28542498488622
1724,4.6825469670776
1725,2.658837004242574
1726,3.231688346528531
1727,3.389837603045981
1728,4.1085559502232
1729,2.828428290112592
1730,1.7523432477527014
1731,2.717730026595765
1732,4.3361185193806255
1733,3.225976109745421
1734,5.85835724004499
1735,1.4784285890623172
1736,3.8546940576920408
1737,5.251884724771669
1738,4.945412870192286
1739,3.90204503092851
1740,4.570452511478582
1741,1.4848063654881676
1742,4.935881062027924
1743,4.420409604856613
1744,1.3871448480427993
1745,5.421474437656642
1746,2.3127808546799233
1747,7.711990203743096
1748,5.430823389317623
1749,3.046563967044967
1750,3.9039363068211084
1751,2.209464088291309
1752,2.394227556702294
1753,9.60438590133796
1754,4.954430817943548
1755,3.2455842240194173
1756,-0.21872240902247775
1757,5.267322844133253
1758,4.833716583473149
1759,1.5941070713308048
1760,4.053003040372707
1761,4.174803419962468
1762,0.919957391612277
1763,1.201729090657805
1764,5.221764828046266
1765,3.538736541699353
1766,4.225779705635947
1767,3.1739766665595077
1768,2.5620590968913124
1769,1.7729715586178783
1770,2.41049054882682
1771,3.207750875807775
1772,1.0915631017194993
1773,5.637090378537355
1774,-0.12022818248034106
1775,4.476129502363319
1776,2.8479627016890285
1777,2.178203275878549
1778,4.152298472006077
1779,2.624244245152079
1780,2.629727493251589
1781,4.7853235735338515
1782,3.8058451718390782
1783,5.192638337175323
1784,4.042091253711876
1785,2.9046172347556816
1786,3.670715499974292
1787,1.4455419047880786
1788,0.8221290358469253
1789,4.286558720319872
1790,2.0843637227086615
1791,3.7292270640589353
1792,4.4828600036626804
1793,7.873994623865186
1794,4.964210494488299
1795,2.1268218726559116
1796,3.024596231349964
1797,3.190365113490654
1798,3.1299957591778904
1799,4.546690528417354
1800,1.401045481151932
1801,3.3284491814233657
1802,3.822069714901134
1803,3.4588471236700005
1804,2.6983253738615747
1805,2.0663614515758235
1806,3.620270001957032
1807,2.0330177500883315
1808,5.236209222185642
1809,5.903596580216786
1810,0.049675150953143454
1811,3.649944012630088
1812,3.7219468313631947
1813,1.7623950906141896
1814,3.037429726230992
1815,4.046026282540717
1816,2.627392296621043
1817,1.966058706401455
1818,2.6812220923967676
1819,2.213152221101834
1820,4.663760433010795
1821,3.0368694220674706
1822,4.516244174529127
1823,4.445485433824268
1824,5.537779218589019
1825,4.879028099736647
1826,4.77169793676957
1827,3.554328903034394
1828,5.148423017241524
1829,4.028211979901329
1830,2.5611688371106993
1831,3.619637292117826
1832,2.411492942207012
1833,5.537779218589019
1834,7.79486830863854
1835,2.9888015376080967
1836,3.5337527119223195
1837,2.8310138592633978
1838,4.9016561805908765
1839,4.647155322642007
1840,2.39564501503137
1841,3.465554292983382
1842,5.401641440505391
1843,3.5848302410366037
1844,3.163473673848018
1845,5.924484564664551
1846,1.194955934440706
1847,2.674144488125676
1848,6.410537672300946
1849,2.837564992706725
1850,4.440854790923729
1851,2.4896564068895826
1852,4.014431088555586
1853,-0.9659171430830975
1854,2.135986236166011
1855,0.7873585865327475
1856,7.305779091924152
1857,4.240811493677396
1858,3.337037664940341
1859,1.9614188449199474
1860,2.7314765816711466
1861,4.144890183341787
1862,2.5367833815568144
1863,7.981984421262829
1864,4.270224879896402
1865,2.35100919358148
1866,4.119538211294536
1867,1.115725594101228
1868,3.102797139571675
1869,12.215166585565148
1870,1.5759661148668755
1871,3.895234942874403
1872,5.568313423199068
1873,5.236768776819074
1874,4.893422210459198
1875,5.626502181678795
1876,2.8316329762650763
1877,1.7497370415643414
1878,6.092883795482349
1879,2.2370399293172656
1880,5.206406690224334
1881,4.555024409738082
1882,1.3927222806125465
1883,2.044795431448448
1884,-6.088870183536287
1885,-1.1070746450991837
1886,2.8606057736804913
1887,2.6665710694133815
1888,1.2812355482938287
1889,4.842670720380928
1890,2.8857379193981485
1891,0.543354163198265
1892,4.42875977468552
1893,1.7479231983118861
1894,5.512839390683045
1895,3.2886941921320436
1896,2.5275702903875183
1897,4.9626705286544155
1898,6.765479398371971
1899,4.822604074622313
1900,2.018914376972573
1901,1.8546396621661998
1902,2.3612086050822785
1903,2.122072646341066
1904,2.8196216825447475
1905,0.685793374514263
1906,0.6636478136896469
1907,3.143612053343727
1908,0.4141068733711406
1909,3.7145440520931357
1910,0.6488879054387588
1911,8.705203925634557
1912,3.6334098186604376
1913,6.908567661896145
1914,5.120739779629298
1915,2.8326718869806884
1916,3.524801840185199
1917,0.8369890616975106
1918,2.6645784341450605
1919,5.301818758782346
1920,1.5918342972670663
1921,7.062681458411969
1922,5.325880806293268
1923,3.231067584520913
1924,2.926404574676696
1925,2.6978585591792514
1926,7.1813688432879275
1927,0.5499680067675787
1928,6.56608565189047
1929,3.201708910225487
1930,4.2350266972413335
1931,5.980190533434989
1932,2.708795064290193
1933,3.366124103579315
1934,5.537779218589019
1935,5.111203178616675
1936,2.2294610629185962
1937,2.4118408833379057
1938,-0.2715177805620179
1939,3.9783598236693165
1940,-1.2988126402910956
1941,4.184986718314565
1942,1.5665873153569883
1943,2.40230958332985
1944,2.764232803112879
1945,2.8810167992376807
1946,6.070973038994907
1947,2.210920401415212
1948,2.5118148218293195
1949,5.089302370808445
1950,4.603866545715475
1951,6.339792646414107
1952,3.654011701811291
1953,3.0774169030921836
1954,1.2951478866853154
1955,5.303352215043376
1956,2.99206524382891
1957,5.009075791466991
1958,3.6708557252846576
1959,1.516416968852094
1960,3.9280844364292316
1961,0.6170609975617025
1962,1.706025652380536
1963,3.450999174603138
1964,3.161361887534115
1965,4.94169687614514
1966,2.297966532650789
1967,0.919957391612277
1968,4.497992219960011
1969,3.085351422522321
1970,4.110074206742567
1971,4.255551707149167
1972,4.492074188300902
1973,2.8805897696784952
1974,3.7061309822061785
1975,3.7547605974090925
1976,3.910194939698469
1977,2.9628110318645877
1978,2.856435053412513
1979,3.04847251939119
1980,7.0849654653829734
1981,1.7422633842587265
1982,4.895665714510946
1983,5.16470027541053
1984,2.428248142673902
1985,3.9912308357616
1986,4.507796418459943
1987,3.195546815053314
1988,4.504587580413644
1989,2.7395534278733282
1990,4.38368141182365
1991,2.662956622077268
1992,3.188889145418918
1993,5.2914040552618875
1994,2.968030271233294
1995,1.1834656582300878
1996,0.012776413442392442
1997,2.3249011204442924
1998,2.051517634730095
1999,2.872864274311589
2000,1.7717366168200401
2001,4.477891724374609
2002,5.609781378997532
2003,0.35332097286112774
2004,4.232300685122177
2005,5.263639602227566
2006,1.415861955077538
2007,5.503985069462025
2008,3.8621981675621644
2009,2.5988189657606657
2010,2.4006231109627088
2011,4.549841206864329
2012,1.5145276579547557
2013,4.067660428354124
2014,3.4589442881494814
2015,7.271691577693763
2016,1.3088314677159523
2017,5.7844543437502125
2018,2.6572442830020795
2019,5.300365359126861
2020,0.6073650501699408
2021,4.969163022747023
2022,1.4855520077688262
2023,1.1708970847476396
2024,4.635180424526521
2025,3.8010406785033055
2026,3.6016828928188027
2027,7.0673067248718775
2028,4.135277305118856
2029,1.2682546357508855
2030,-5.064821368976181
2031,2.3127808546799233
2032,1.386251094656815
2033,3.866093077790616
2034,6.574118148516135
2035,5.555661116487527
2036,4.231200483932583
2037,2.2004030207359095
2038,2.270149711430346
2039,2.4036222253690656
2040,2.5161369599720187
2041,-0.43120543841238046
2042,7.803392427115095
2043,5.264802634796416
2044,3.196213729491221
2045,2.7420731788232353
2046,0.6680534167633714
2047,5.626326937446625
2048,1.556749330936158
2049,3.835715935607137
2050,3.238469777279577
2051,1.8838849812301404
2052,2.956894928667782
2053,1.4269706049502568
2054,3.8923129051336445
2055,3.6343462512790845
2056,5.251511831298107
2057,2.150155686900951
2058,5.674798594317873
2059,1.5532219787932355
2060,3.397284766463879
2061,0.497708432312824
2062,0.4081145613383237
2063,3.569266909608235
2064,9.191503250285784
2065,4.310818367774759
2066,-0.2330460480423282
2067,2.962529585464547
2068,1.6316481194730346
2069,4.058893731533963
2070,3.1319748375858234
2071,2.1774870246948503
2072,2.513614365970197
2073,4.122918052154267
2074,4.840648887826144
2075,3.8669754951965833
2076,1.6060949598321244
2077,2.2499030973459018
2078,4.539154154249214
2079,1.7824389355781889
2080,6.187941277276178
2081,4.219777595989465
2082,2.2848209841228377
2083,6.47739191536829
2084,3.2379989098513975
2085,-0.7983717709494877
2086,3.172523704463624
2087,3.440403427630669
2088,5.120236070019764
2089,2.7257855567894356
2090,2.2637513258453605
2091,6.621114008123195
2092,1.453476719867583
2093,1.7915300844358972
2094,4.684056791883589
2095,3.5849140649105213
2096,4.582672426202677
2097,2.7448681566572946
2098,2.3956956422345064
2099,1.533598068857081
2100,3.5974043944547134
2101,4.327877414369961
2102,2.3171683400789203
2103,1.2749261524423323
2104,1.3360608245074528
2105,2.2072906735406566
2106,10.29560384989363
2107,4.177954179480075
2108,3.206694325560581
2109,4.023857246226584
2110,3.5109567544234626
2111,4.469026577872039
2112,3.813994838416373
2113,4.5692879775967254
2114,2.978025027880581
2115,5.659236029819349
2116,2.388529427038157
2117,1.9225030272970807
2118,2.490352873044653
2119,1.2746194749238398
2120,3.226305990423782
2121,3.499838988796484
2122,5.120594185293186
2123,6.517807131289322
2124,4.181366322958866
2125,1.4803411206252761
2126,4.514478841204758
2127,2.8663100780359456
2128,3.2755166765648873
2129,2.0344315069416607
2130,5.259813988716046
2131,5.727167533865023
2132,4.810184230552914
2133,6.16680549385738
2134,1.8708925198312087
2135,1.8795326346292358
2136,3.283416172536759
2137,1.0689877411424256
2138,2.246510233339211
2139,1.2749261524423323
2140,4.68131088525879
2141,7.10395351170288
2142,3.6826519256142447
2143,1.5951897105432638
2144,8.615439937512754
2145,3.5480235581280932
2146,7.246935423808653
2147,3.308091128263863
2148,4.065862814113107
2149,4.2564282420316015
2150,2.369069360761116
2151,4.520517397868062
2152,2.2021675433800683
2153,4.120618380311592
2154,4.462059705774315
2155,2.779637585962967
2156,6.874606595715171
2157,3.1479043530961945
2158,3.485415183971478
2159,5.993841717720701
2160,2.694036029241442
2161,4.590460286544661
2162,1.0587339072179787
2163,5.35508222352369
2164,4.066833657837348
2165,3.1637939428027217
2166,2.601326368110199
2167,2.4461646974418363
2168,3.4588471236700005
2169,5.158640444958354
2170,3.6616468331803698
2171,2.515214415584314
2172,2.994348320258632
2173,4.381416216522006
2174,7.3357395781446835
2175,6.586640171839715
2176,7.489063559141893
2177,4.701676176816435
2178,4.497385051213065
2179,6.156716306767495
2180,10.04408990316209
2181,3.593033094390662
2182,0.1816315009495586
2183,0.5758467963649125
2184,3.781223896279722
2185,6.339490961435122
2186,3.4716120365432728
2187,1.5179876981621616
2188,4.38368141182365
2189,4.896162111214754
2190,1.3159345829269546
2191,5.130770348290991
2192,2.137630547633492
2193,2.6648951604052655
2194,5.723153103941103
2195,1.3448803908328109
2196,0.9090159803486855
2197,7.776847961109829
2198,4.240277638153887
2199,5.501019131187686
2200,4.440854790923729
2201,3.077910495266168
2202,2.839108545784707
2203,1.5899354130449173
2204,1.0997108889599208
2205,1.7573815913411548
2206,1.7843677108203984
2207,-3.674602335748742
2208,2.395874258699278
2209,-0.022509938140055752
2210,0.9553761180501033
2211,5.120464037222077
2212,6.998523096185963
2213,4.429211263094739
2214,8.443784088278772
2215,5.715726570858147
2216,2.36085088593678
2217,2.2902772885885305
2218,2.6958533977807844
2219,5.326972761361344
2220,4.3053057973785505
2221,12.215166585565148
2222,1.0381246813899265
2223,1.0110220702330617
2224,4.52406038261547
2225,3.902859213677163
2226,1.0927024518621686
2227,3.197236996781524
2228,6.274648496708208
2229,2.149515761306099
2230,0.607925604071303
2231,4.739567808639217
2232,5.058850654294302
2233,1.4775971396194016
2234,4.570863041958872
2235,4.367959996610668
2236,4.741509838446753
2237,3.0675815860566313
2238,2.9812592786896013
2239,4.9230579998493464
2240,4.262144220000698
2241,3.108037951452411
2242,4.170528505711255
2243,6.662489127794598
2244,2.9306507219552467
2245,5.036318202236506
2246,6.978598927963148
2247,7.217220023487676
2248,1.634810790753724
2249,4.188535100634027
2250,8.313071380841139
2251,5.166256684420798
2252,7.298091374767948
2253,4.723245633684552
2254,4.012464630945634
2255,4.443249464288407
2256,2.951604365594263
2257,-4.297471656338241
2258,0.5820971067463678
2259,1.8339008739923275
2260,6.535244353922707
2261,2.1837908723232315
2262,5.284129083116958
2263,2.017449858004114
2264,2.545464695134168
2265,3.5876621669462376
2266,2.7403021824609164
2267,2.3024714162586575
2268,2.9831048972300827
2269,2.957855795241264
2270,1.3520195261199697
2271,4.659647674332605
2272,1.8369537581523396
2273,2.6038076887153148
2274,2.449689069337907
2275,3.497356577804616
2276,2.7080748405897492
2277,5.053707149932441
2278,5.656077268795337
2279,3.7088052972920424
2280,1.4722007066664418
2281,2.188498994787215
2282,4.24982189087199
2283,1.7749001694221964
2284,3.381890172627598
2285,6.11267443513038
2286,8.660051834285944
2287,4.362144147237122
2288,6.486238419011229
2289,4.282835324446246
2290,3.4511794006747327
2291,3.6890822642745396
2292,5.568672956986202
2293,2.776415266374252
2294,4.586883186449486
2295,3.0942219097818677
2296,2.6865055388622343
2297,3.2280832274769646
2298,0.8868502233085964
2299,3.554126851296556
2300,1.1929508125050456
2301,3.4042256535074067
2302,0.507500366933844
2303,4.640977131761197
2304,5.561865917412721
2305,3.300923203902546
2306,1.9614188449199474
2307,3.0342028490326616
2308,0.6424676688102502
2309,0.9976600869509431
2310,2.044082649864676
2311,2.5566472661209043
2312,4.285266594113397
2313,3.139804487964773
2314,3.185856720639262
2315,4.213028153788301
2316,0.6896744383252664
2317,1.4331530481533576
2318,3.3249061577907044
2319,2.0986569729197027
2320,7.077896462262091
2321,5.965247298627721
2322,4.4574445408348575
2323,5.194236631625752
2324,2.3087663305382113
2325,4.208972826913024
2326,3.8503532414030346
2327,4.348261253085263
2328,2.9003417787535164
2329,7.996740219623447
2330,7.60325053506456
2331,3.1060640998436324
2332,0.5565561523201064
2333,-1.0686739684361726
2334,6.172071769444583
2335,2.843051672249814
2336,3.8644051659584076
2337,4.127840643896274
2338,3.0525581853702843
2339,3.6792008896094117
2340,3.180478236604311
2341,6.402121989696276
2342,2.928920811279441
2343,2.1336462639876994
2344,4.277721850367016
2345,2.7658092586294813
2346,2.746289237725963
2347,8.529123014111082
2348,4.9148183541104515
2349,0.6592507906456802
2350,5.089222419857114
2351,4.059923112672047
2352,0.3835324111664229
2353,6.867856443744676
2354,1.2989240583687862
2355,5.198723244227543
2356,1.1405939810319747
2357,1.6538482107414016
2358,2.758144879398461
2359,0.9267341751672524
2360,1.7723831555075802
2361,4.874772650841064
2362,7.482480635538516
2363,4.324298510195577
2364,1.7185155845973414
2365,3.786846025784048
2366,5.199871538525661
2367,4.599398576865644
2368,1.9075321762591968
2369,4.067660428354124
2370,6.311278458860736
2371,5.353553353342062
2372,2.171701808634012
2373,4.905745262869126
2374,2.746102612160068
2375,1.3084145471300666
2376,3.1214604592687247
2377,4.521980286138139
2378,4.445485433824268
2379,2.4433964797510446
2380,3.009065805411814
2381,4.102402235572901
2382,1.5480085455240267
2383,4.432121020136786
2384,3.2775995389795485
2385,6.156860334366664
2386,3.7032481545897804
2387,3.334706974770422
2388,2.473287043260238
2389,7.548842528477976
2390,4.231200483932583
2391,1.1968451308825636
2392,6.156860334366664
2393,4.649092225908304
2394,2.7530350119417655
2395,1.2660954831947153
2396,3.231166820491718
2397,1.8175182284322722
2398,4.986506874583003
2399,3.9441765142347984
2400,1.73333077807276
2401,5.330113337279255
2402,3.1517154209651435
2403,5.552787049455511
2404,2.873447047863728
2405,5.441277047600195
2406,2.1996701052763914
2407,2.269592520258267
2408,1.3434870462869983
2409,3.476052130491474
2410,4.528213026679182
2411,4.3454971461584115
2412,1.9805182818263225
2413,3.6061798234328495
2414,3.919262232331559
2415,3.5573346218859188
2416,1.1240200153978628
2417,2.8308319817191405
2418,3.771412581054759
2419,0.559501381795279
2420,3.6489276863467324
2421,1.7348162422438955
2422,2.3807171290174916
2423,0.5919044323618534
2424,2.4333332558022454
2425,5.604642167548126
2426,4.943010676962875
2427,5.943243103216062
2428,1.1136511164477074
2429,2.009107255885872
2430,2.170220023576401
2431,7.511108135793928
2432,6.768896771966283
2433,1.7653637378306866
2434,4.358532408306707
2435,3.275584392118369
2436,5.8146393689265565
2437,0.49386941181227106
2438,2.4403439814141548
2439,3.3340904912989244
2440,2.157041703094433
2441,2.369875902913594
2442,3.546798780985191
2443,0.866371241117891
2444,4.082662792902592
2445,2.293535797454549
2446,2.2017038382005185
2447,1.2878030411098558
2448,2.813529117045186
2449,2.9619020048439495
2450,5.2925418962983075
2451,1.593305071920283
2452,9.191503250285784
2453,3.1054696741015846
2454,5.206547263278821
2455,4.1601127257288
2456,0.9554324007649218
2457,4.623951920301696
2458,4.658101785770935
2459,4.589660068140766
2460,4.586351626722955
2461,3.0470122821864885
2462,6.01669078329948
2463,3.1981480664902615
2464,4.888356906786544
2465,2.941396073001039
2466,2.930007382435938
2467,4.4529173949565
2468,4.261262665203945
2469,2.638519591153054
2470,3.842178111004517
2471,4.312458071822016
2472,2.9971252236124264
2473,4.0706575029082295
2474,1.78660384250488
2475,4.592797153059285
2476,3.980683727374314
2477,1.8863960266950452
2478,1.5501927709431067
2479,4.575599039166839
2480,4.58562406374007
2481,3.488490233703091
2482,4.947307519704614
2483,1.9269726025277532
2484,1.2294666882546958
2485,4.571648883503958
2486,2.527849662758774
2487,1.8837150222472627
2488,4.914044736440313
2489,2.8715134199370804
2490,7.54729024529846
2491,1.2463548649232163
2492,2.2014360690518493
2493,2.6622068247886093
2494,4.070729285815832
2495,4.590132459875414
2496,1.276286582975028
2497,0.8974689129028688
2498,2.664334644238877
2499,1.7097871914542146
2500,2.8975409266843317
2501,5.754946021395294
2502,5.655055649896845
2503,4.447789110834533
2504,6.147217051473632
2505,5.212075648081712
2506,5.018878926455831
2507,4.051108432158455
2508,3.554126851296556
2509,4.885484558058978
2510,2.5541353862074967
2511,2.453952585607237
2512,0.2727481737282673
2513,7.405223633226621
2514,4.376061710908782
2515,2.1349146442391334
2516,2.346422517806957
2517,2.6663487505391688
2518,1.0270762488894198
2519,6.88817167650398
2520,0.04103330096249502
2521,3.4585199049114483
2522,3.418519229618864
2523,0.7436689098893425
2524,1.9453268257178662
2525,0.6338716108598303
2526,-1.0973496268339815
2527,1.597707861985452
2528,3.8018012958539
2529,5.22925772799962
2530,4.312796893818141
2531,8.480947715688632
2532,4.798740689651156
2533,3.1061199754601767
2534,3.8231667764535855
2535,4.12745563874204
2536,4.920842878356105
2537,5.736230955736485
2538,6.1480090924424085
2539,2.6999299761874545
2540,4.202257478540178
2541,7.954505256221574
2542,5.460433139851512
2543,5.40230707833504
2544,4.339172362320971
2545,3.2705888067303706
2546,5.913223328750314
2547,5.06704291202151
2548,4.6792582569232515
2549,4.575198745390679
2550,5.391204231018361
2551,6.201993768134136
2552,2.3076211468778216
2553,2.933897144313884
2554,3.00077527135268
2555,3.3836408999844965
2556,3.7967873288606744
2557,0.561260005528887
2558,2.8819814029259945
2559,2.0868155376168938
2560,3.1438511337640094
2561,1.309916299649403
2562,6.060081277112175
2563,4.135602921893177
2564,2.5159440023903388
2565,4.298959462235799
2566,2.9503740176122437
2567,3.340670538587533
2568,1.4753163212917433
2569,4.309837464740566
2570,5.715726570858147
2571,3.141524470182259
2572,3.422944714935703
2573,3.6955118365295223
2574,4.545037603606365
2575,2.175031026469205
2576,3.367508516010596
2577,4.999196773581857
2578,7.778079495025524
2579,5.290691300122752
2580,4.261262665203945
2581,7.870353178054871
2582,5.31865606881551
2583,2.130985481060117
2584,3.3596404597528764
2585,5.740948820385905
2586,4.276144413301451
2587,3.1205690647924023
2588,5.657590538084036
2589,5.9804422740148215
2590,4.8033440111320065
