ID,LogP
13403,3.0789921853359288
13404,4.089976874141922
13405,5.82889542260677
13406,4.022431235903333
13407,6.294260072862839
13408,6.155747219654755
13409,0.9342511406235487
13410,5.881944654318493
13411,2.692009000523124
13412,5.46628122403414
13413,6.942759482995086
13414,0.8151506431105697
13415,4.675369862239871
13416,1.8793224577190442
13417,6.250615221892189
13418,4.358610313014728
13419,1.8807017925680727
13420,5.4611402202761266
13421,8.086344521640353
13422,2.6707882326177166
13423,5.0236603190114195
13424,4.633680853229389
13425,6.1448359682024165
13426,5.681381506586827
13427,6.320248275387566
13428,2.022884664970695
13429,6.77204821951586
13430,5.86816346091588
13431,5.427837252374386
13432,4.6660240100836115
13433,8.149735126196251
13434,2.8046038027470304
13435,1.4576826977305384
13436,5.331357555158578
13437,1.2813789696509064
13438,7.0383707168582905
13439,1.6079107008367906
13440,2.0084806173179786
13441,4.090410082799245
13442,0.9298306788230064
13443,6.314478687599947
13444,5.2252959272295545
13445,2.3805619777020186
13446,2.113252743708101
13447,1.9099580939324627
13448,3.796474062189446
13449,4.317554598674711
13450,3.4540148990204735
13451,3.7044563834853212
13452,5.447215186588199
13453,6.957722400316653
13454,7.429201258716846
13455,6.845004293010284
13456,5.689252349005095
13457,6.726745686370868
13458,3.61531529529193
13459,1.7535770121510907
13460,5.700301109086062
13461,3.942907911984215
13462,5.947349173078819
13463,5.2771915349773
13464,5.97277671244023
13465,5.880833757408178
13466,3.8744768841906243
13467,7.24620721406734
13468,2.6281563345986445
13469,6.287081925179811
13470,3.946333055409424
13471,3.9019097082381906
13472,2.479522958198006
13473,2.5626788407764867
13474,1.4158338314735077
13475,3.7401777258433295
13476,7.126183452818599
13477,5.466479746166959
13478,4.096710970155146
13479,4.415292293502409
13480,1.7818374341474335
13481,3.69797781835824
13482,1.3445329433492377
13483,4.257499538316389
13484,3.0170871856306776
13485,2.882980270649173
13486,7.2271989387069215
13487,4.456748320828188
13488,3.073153272619606
13489,1.0466125080779725
13490,2.35942501818846
13491,2.205883918497366
13492,4.141943891818802
13493,1.6837625877844382
13494,2.3796319644995414
13495,4.002749861415503
13496,3.8371271268945026
13497,4.20689770185368
13498,0.27605225047589854
13499,0.31373196281269944
13500,4.08356201954837
13501,2.414092105983058
13502,3.926948153962595
13503,3.3824403629357507
13504,1.6679540947998488
13505,1.4920200174597884
13506,2.4460322659025975
13507,2.4001190368756036
13508,2.12963870883816
13509,2.2097786805387
13510,2.9216407395720507
13511,4.1734885132624875
13512,3.751189685206681
13513,3.9648358511152315
13514,3.36787745712469
13515,2.8266348264261656
13516,2.79381288174565
13517,4.2716379978663195
13518,4.3525500060172835
13519,1.6495396533780091
13520,2.5036406665598525
13521,1.6116521487297784
13522,2.7784718623854676
13523,1.2662927179279162
13524,1.3705370217970547
13525,2.8053111388870753
13526,2.2007632166793143
13527,2.6781760079403454
13528,7.208952480009928
13529,0.32438521319815594
13530,3.760558643871329
13531,4.419165699598113
13532,3.352196778570814
13533,6.110050826643324
13534,4.727159453990041
13535,5.104420395587493
13536,1.8904178899240152
13537,3.5015461552684073
13538,2.248707038711494
13539,4.9787040327714704
13540,3.798048939044871
13541,3.342706421107361
13542,4.798451196147917
13543,1.397435825821075
13544,3.3585020736697007
13545,4.141656853584734
13546,2.7591888122194317
13547,1.5295413634259907
13548,4.309920413546853
13549,2.453000157982699
13550,1.8783798853184073
13551,4.363256138171368
13552,4.617953477098571
13553,3.4464258163824852
13554,4.883731746202318
13555,7.308935103763448
13556,0.21950828082158474
13557,2.7700363761620777
13558,4.039162506878714
13559,6.602443504135606
13560,3.027798784716605
13561,-0.11685744447281621
13562,4.142776587514473
13563,4.641282975444148
13564,3.2304773642697326
13565,4.620921888791021
13566,1.9668116824306696
13567,6.6758411607240635
13568,2.5268181839740005
13569,3.5682110632940693
13570,3.8728825111977674
13571,0.5034517039929606
13572,4.671613051887372
13573,5.046394426271622
13574,4.038085035523882
13575,5.0395364258724635
13576,3.7193133908653344
13577,4.291240011675147
13578,5.97452653341404
13579,1.3019645831072804
13580,1.034917703291824
13581,4.230227327122685
13582,3.062163469904873
13583,3.906454603659342
13584,7.7656183543203205
13585,6.412487492423108
13586,2.009511660558993
13587,1.864352928900257
13588,2.8580955205383214
13589,4.813307655566138
13590,3.0064988721097365
13591,-0.4665592156017917
13592,3.171712989911622
13593,2.7425089188988387
13594,3.2366398746608214
13595,3.9871630259353816
13596,2.61010642798932
13597,4.293655668312246
13598,2.4875859958852855
13599,2.5196406125452775
13600,4.680314353828527
13601,2.417493946396276
13602,4.633273953115716
13603,2.4346857725820334
13604,0.5083350888215091
13605,3.844874199415991
13606,5.0253345961343
13607,0.8630973231072812
13608,4.029707905867889
13609,4.683145099653146
13610,3.3294631984603202
13611,2.9703851404596917
13612,4.802292284696641
13613,3.299016071160236
13614,6.411116129466774
13615,1.8141487994962637
13616,3.248713337036548
13617,4.797096308334273
13618,4.592452277327858
13619,2.090731980852186
13620,6.213153042044221
13621,3.919800054181131
13622,3.120985441827542
13623,4.897078286373688
13624,1.001718994117784
13625,4.632435277918972
13626,4.219909879453069
13627,4.340438708527731
13628,4.424852763965436
13629,5.67655639914708
13630,3.4700665674511195
13631,2.021368501984854
13632,5.007248711810984
13633,4.154799558044804
13634,7.381250374386309
13635,3.4330095270963703
13636,2.839719903419472
13637,-0.34418368046487585
13638,4.4817560782478525
13639,2.2954681855042374
13640,4.367867943335191
13641,4.1218783220715824
13642,2.867775192924763
13643,4.438741762159788
13644,4.534566100671449
13645,1.564161192422752
13646,3.9545823080755964
13647,2.3982812641418003
13648,3.7643967859287035
13649,3.388968151366471
13650,4.850752607162007
13651,5.267671090892394
13652,0.6889840034845416
13653,0.8721429796071407
13654,4.03597117861254
13655,4.250697526704307
13656,3.613764999241569
13657,2.7065148512385937
13658,4.593339702547748
13659,4.045012686930885
13660,4.493919811737808
13661,3.823103674832722
13662,3.65859101881609
13663,2.865867349130763
13664,5.251576925903492
13665,3.02773733128639
13666,5.27818664463363
13667,2.5558218235129053
13668,5.475624615483243
13669,3.987356766323166
13670,1.3570930011577707
13671,1.6144370010484634
13672,2.4020738807308852
13673,3.00805604989448
13674,3.7153340895270635
13675,4.033693350254144
13676,3.7781654858257663
13677,0.5888485340227818
13678,7.139952539481462
13679,4.749953351795081
13680,2.961318070091423
13681,7.043381219262776
13682,5.2847125943439375
13683,2.553919825648999
13684,3.8857647576545276
13685,0.6879726153864555
13686,6.1228609564340015
13687,3.8208892245193313
13688,2.4672083537943172
13689,3.7999230375709137
13690,3.2307798752820958
13691,2.0555108293132394
13692,2.5849585790955563
13693,2.794386513135563
13694,3.1188527517483045
13695,1.5982726931051714
13696,4.754810003668754
13697,5.478270104305693
13698,4.799235574333413
13699,4.109829492428355
13700,0.3164955899364049
13701,3.911055840468367
13702,3.9468381944697484
13703,3.6310883833287693
13704,0.6473993187988984
13705,7.079985624415759
13706,2.1223694383087306
13707,4.14133617439796
13708,3.828515782219756
13709,7.0532712569665
13710,3.2968288046061067
13711,4.267033744635944
13712,2.9224453473638996
13713,2.275404710641172
13714,2.9313783137858604
13715,4.752123061705056
13716,4.116723268735586
13717,2.295443490317581
13718,4.3950624796944275
13719,4.905575465166268
13720,4.24325614558789
13721,4.977992263798618
13722,4.280067006986077
13723,5.784224231357265
13724,6.847336337234236
13725,2.1652712956457605
13726,1.3968346227604431
13727,4.7256286227756314
13728,5.979804275743549
13729,7.088547830302801
13730,2.902859231891709
13731,2.837842743330116
13732,3.918148077349609
13733,2.8528660642497408
13734,2.352820846457
13735,4.693411515167559
13736,2.8031000613263597
13737,6.093192425736367
13738,5.351717627486119
13739,3.9571954065344244
13740,4.474297798015968
13741,7.988044377559764
13742,1.9194718037313971
13743,5.360706223476699
13744,4.55481848801983
13745,5.287863043857044
13746,4.899599071754967
13747,1.348781037193101
13748,3.272147483495408
13749,4.25417422204966
13750,5.916848819019068
13751,1.3681049460409664
13752,5.345923119335663
13753,6.792834083195454
13754,3.91070961088354
13755,4.3988377255795434
13756,5.4524961142223525
13757,4.821034271655396
13758,4.74642518352502
13759,3.013364541306872
13760,4.515007456324135
13761,6.494169972570966
13762,7.675949745069963
13763,1.541625594754679
13764,5.878730022088094
13765,5.301909733123534
13766,3.5976870268861494
13767,8.339329622307734
13768,5.265216313104563
13769,8.379195737579998
13770,5.185256691064099
13771,0.9262624668564299
13772,5.263466735082442
13773,6.920689913008096
13774,2.7114961059223357
13775,2.3431057118367917
13776,2.733403902895718
13777,4.831204085764385
13778,7.7881871926027735
13779,5.55704013708721
13780,6.716029629496722
13781,3.2782158367394625
13782,3.9511713157384207
13783,5.219549223662313
13784,2.7547043888338982
13785,3.7095948046382485
13786,4.718796029033862
13787,2.753042162602591
13788,5.511379706159514
13789,3.7399472957174322
13790,2.5421290201035087
13791,2.0493948378964544
13792,0.15267644547184295
13793,4.186204599706307
13794,2.6699866649484636
13795,2.735940118541167
13796,5.697529124626056
13797,1.9613913788416815
13798,3.094241241277238
13799,5.129661028040328
13800,4.107427687156617
13801,2.6980497337379084
13802,5.070296430877006
13803,4.867647334485694
13804,5.3287416860577395
13805,5.777679854562809
13806,3.8635759318700442
13807,3.2234412197537083
13808,7.674860362983254
13809,1.1644529885891874
13810,4.283122595845253
13811,6.335586641402799
13812,5.45550834999601
13813,4.308906974805329
13814,2.9161355855632407
13815,6.106295281333431
13816,3.341456263808549
13817,4.921366116413097
13818,7.023160457226092
13819,5.645829412814452
13820,4.2949422277097336
13821,2.600406007656773
13822,1.5651859954342389
13823,4.846537403960942
13824,5.20682159254792
13825,3.4745083728354986
13826,5.81088748317951
13827,5.846667218233606
13828,3.7913679753545995
13829,2.344351230120752
13830,5.448520995308231
13831,5.22254425196635
13832,1.4826037776222916
13833,0.9381455438807325
13834,4.322373077727425
13835,3.7597008525796727
13836,4.12023107792412
13837,2.039991861610108
13838,4.430179957064148
13839,4.5948207725388945
13840,5.9385903302432075
13841,4.153643778043453
13842,4.9214097771400915
13843,4.175565047417488
13844,5.388349988550716
13845,3.60645283865428
13846,2.6755918225948148
13847,6.0077151520055985
13848,8.349297404841273
13849,5.388835963020108
13850,5.513314500986168
13851,3.836215281545482
13852,2.5863809037303023
13853,4.875950881732825
13854,2.898216698167374
13855,5.86793244910225
13856,0.8987324938074748
13857,4.430561327956122
13858,4.62988465587623
13859,0.8803348608145043
13860,3.1091934615618757
13861,0.05567851363905646
13862,0.26717038182481495
13863,5.9182322465090165
13864,4.622973328088839
13865,3.021799543261289
13866,5.043974473834146
13867,4.216413710908805
13868,5.004961807990425
13869,2.5635994670267332
13870,2.516806303502818
13871,2.683167226761345
13872,1.6792433892147907
13873,2.8835376284083027
13874,3.207516108184755
13875,3.926838300033353
13876,2.2811494669550085
13877,2.457611691047782
13878,3.86358879675121
13879,1.4904259374681943
13880,5.9658817467931
13881,6.030513343416551
13882,3.0112688222425406
13883,3.8926639099179097
13884,4.580964507355048
13885,1.9633908591516267
13886,4.292244353767311
13887,4.281933991344772
13888,5.048593592139935
13889,5.236609929366613
13890,2.623184133592737
13891,2.2007294483395645
13892,2.9098848570031417
13893,1.3523778343209623
13894,4.11180154463029
13895,1.0954531951241906
13896,1.450420800491584
13897,4.03111423954153
13898,3.0557667375549333
13899,3.002193769362595
13900,4.358924617797333
13901,2.560598587750803
13902,4.287393475511192
13903,2.0525120786817372
13904,1.72501364606597
13905,3.3951235845176
13906,1.3552503269430578
13907,6.074893174833686
13908,3.2666648699671783
13909,4.291094258588157
13910,2.9354848060806082
13911,3.398489447371544
13912,2.532869539746413
13913,1.2148185108268965
13914,4.247538706974228
13915,3.9937258321334284
13916,3.988500129494409
13917,2.264746755891541
13918,3.5589130705951435
13919,4.835982943781856
13920,0.9554220996620948
13921,2.6314919974139386
13922,1.1107033358585412
13923,1.8488677565731582
13924,3.283398450098412
13925,4.492543342652129
13926,3.5873320110074336
13927,3.147545578566248
13928,3.4632223302425733
13929,3.190412268895501
13930,2.279318991716701
13931,3.0098122029512715
13932,1.6979829630177057
13933,2.3937441211314967
13934,5.11480639477681
13935,5.779643728653129
13936,3.074662503536755
13937,4.619324537924323
13938,2.9732614461013545
13939,2.7143322411718667
13940,2.8311978367040016
13941,4.504683665942801
13942,3.0155142253609557
13943,3.833773167538646
13944,3.9137796604150212
13945,3.7445991301376185
13946,2.0413331867762246
13947,2.9363118108581308
13948,4.386336642726502
13949,4.820642831711068
13950,1.2465459895182989
13951,4.047377715576973
13952,1.8214876459855414
13953,2.7791085763918
13954,3.0056677356718704
13955,0.6266873905438345
13956,3.376480328852743
13957,0.7460272252672878
13958,3.2702330317485937
13959,3.1525750679232902
13960,-0.22530576738707314
13961,0.2989486673626738
13962,5.232476828910188
13963,4.540123369691986
13964,3.9359656964148693
13965,3.9239032278085215
13966,3.8596155545451207
13967,3.8143839010937137
13968,4.203899062195626
13969,2.440660316815351
13970,2.606849838565701
13971,1.8372837452002382
13972,4.486563815433726
13973,3.2369547586359513
13974,2.7080584493756383
13975,4.675569760440407
13976,3.152367177823914
13977,3.8137961744115314
13978,3.8031125876430947
13979,2.110745012170909
13980,6.646178804359238
13981,3.639354659151238
13982,4.054486668806878
13983,2.8255687998567174
13984,1.3888561170544491
13985,6.635096946721222
13986,4.089457214390639
13987,3.8810619325632887
13988,5.84224245136252
13989,1.669993027027223
13990,2.7166762130102864
13991,2.117292337772622
13992,3.042518016133799
13993,3.548417763931791
13994,3.166257223851299
13995,2.2109220552110314
13996,1.5129760201150633
13997,2.83902058798852
13998,2.565630407454648
13999,2.5281278259413176
14000,3.682107249133661
14001,1.96132998996314
14002,2.9581529130577953
14003,4.057503086842267
14004,3.653319031835454
14005,3.848933807629524
14006,3.7112450198375075
14007,4.296274001371482
14008,4.621199357112743
14009,2.774801384030696
14010,4.436995958200174
14011,2.972356212560579
14012,5.0956079143651865
14013,3.5380042308982946
14014,2.6825697833083515
14015,1.943986877575635
14016,3.6007254309096925
14017,2.922758248830271
14018,1.5023070530959246
14019,5.341932663288783
14020,1.2798577984746746
14021,4.094689309921647
14022,3.888256501522495
14023,3.226080692780757
14024,4.625328416007428
14025,0.035010797356477635
14026,3.8954285931461605
14027,4.561494707834603
14028,3.197166346039945
14029,2.951143913245326
14030,3.5507548321964
14031,3.2464836685539593
14032,2.1595475909043134
14033,6.483376116048012
14034,4.847724509852151
14035,2.660897071040743
14036,3.136140983756861
14037,4.072404705821713
14038,3.169565840610852
14039,7.493723515221353
14040,2.7946338697168573
14041,2.51549697512782
14042,2.639977942754934
14043,3.5591597772555232
14044,2.691396622737453
14045,2.312495221500625
14046,1.106752092572702
14047,1.0430451225069413
14048,2.52680103814419
14049,1.7035192683927904
14050,4.3907168805869325
14051,3.8280143054807727
14052,4.776963626630322
14053,4.72841120539297
14054,3.9641897223610743
14055,1.439954431163869
14056,2.2798061950481685
14057,4.299335091493703
14058,3.7062423283235373
14059,3.7107149466951572
14060,4.077896036087148
14061,1.0472505434232742
14062,3.6356476468154657
14063,2.179196476757353
14064,1.8979437149959546
14065,1.488312501633167
14066,3.9356038686187143
14067,3.958877324025125
14068,3.7138452764608854
14069,1.5086056275459416
14070,2.917918348804096
14071,2.5327545310092416
14072,5.022811124614712
14073,4.261626511682952
14074,1.1811358980591244
14075,1.5367738536146596
14076,1.3855877004868116
14077,3.6918968536068992
14078,2.655585906074572
14079,3.754363271999992
14080,2.9857724203453544
14081,2.1173946610549175
14082,3.5916578162328547
14083,2.9466526428673974
14084,2.0532593150113723
14085,2.6930466324854465
14086,7.642677797095287
14087,4.204098126429683
14088,1.3279645004602598
14089,4.614360970971992
14090,1.9931646599094441
14091,-0.21670510330906037
14092,1.0468560885469242
14093,2.8363929618347057
14094,4.744339691388176
14095,2.736595317192763
14096,4.777088952598054
14097,3.068621787328846
14098,6.18716123098373
14099,2.274454031477811
14100,5.0114125752586896
14101,3.730694130697747
14102,2.6992671445883674
14103,3.1729202929233256
14104,3.836283057033123
14105,1.4581041504066976
14106,4.510206641037277
14107,3.6961521147842045
14108,4.831537030000401
14109,5.8852083462548235
14110,2.985068374149283
14111,4.376798398520424
14112,4.960227333784752
14113,2.6728995940570357
14114,3.815725971929428
14115,3.5774442667492017
14116,4.501084036360926
14117,2.6362262473218174
14118,3.143449424500862
14119,3.588412659944714
14120,2.7708016656689853
14121,3.832243973427574
14122,3.6112875153695674
14123,3.9570629582284624
14124,2.302957745159511
14125,0.8588603329811559
14126,3.187613151351711
14127,4.005277353904185
14128,3.162514462418296
14129,3.394505437205337
14130,4.61577131765587
14131,-0.4298356822023599
14132,3.205491415629686
14133,2.6110198974578633
14134,2.8284379162303033
14135,3.841523651561161
14136,3.6416663649267975
14137,3.958333906498333
14138,3.0020666200167394
14139,5.425395771323675
14140,4.979291724132976
14141,4.7404426148877405
14142,2.7484696781616567
14143,4.087695618114993
14144,2.6019447244941145
14145,2.481539560016948
14146,2.4954111654411997
14147,2.7833926427276454
14148,4.008959484005141
14149,1.5771327210833908
14150,2.7415896996970175
14151,1.0469960728573475
14152,3.268215205640312
14153,3.964089204782174
14154,2.1369900569688762
14155,3.451698631082998
14156,1.6058418021450303
14157,1.1363896552322719
14158,1.0858183599288318
14159,1.4106047954022607
14160,1.2398186076501736
14161,3.1185501603649897
14162,2.5847407950135883
14163,0.5021763176629458
14164,0.6018924307923764
14165,2.4234322231162713
14166,0.31344604681721966
14167,1.780327609250211
14168,2.7000948145984234
14169,1.5280095065105963
14170,2.4314537688214783
14171,0.23388145119632897
14172,0.9934546682519241
14173,2.3042784331917154
14174,3.1883233324578364
14175,2.208151934680399
14176,2.701847437125187
14177,2.564928409665163
14178,2.5224620941990663
14179,5.051539164757677
14180,2.8047616805660973
14181,1.9376152374028335
14182,3.458703465089484
14183,1.4854736162859739
14184,2.1548359177146104
14185,2.8415537194382305
14186,1.6227467396352373
14187,3.034607454847718
14188,1.3402786162689073
14189,0.6670429948781318
14190,3.444072549652286
14191,3.248607585601602
14192,1.0764580572637565
14193,2.7054285720234503
14194,2.7931969961854954
14195,0.7952726863557659
14196,1.678168837862084
14197,0.6950261161359551
14198,3.8838350082482336
14199,0.7816514323574081
14200,-0.1441839417138065
14201,1.5772350532794726
14202,1.6229828667860424
14203,1.5855721917577337
14204,3.4795391352428853
14205,1.6476645188210242
14206,1.4391816986285868
14207,3.355044601846847
14208,2.4677026306103538
14209,2.2496410976550036
14210,0.8548052482280579
14211,2.151358249796032
14212,1.3869688389312742
14213,2.660589109499404
14214,2.5984529620986
14215,2.3257924876348293
14216,2.5511925610533357
14217,3.673621811520263
14218,2.0075429459812857
14219,1.5137080427670346
14220,0.8523325209136117
14221,2.264156326572337
14222,2.4573436607935317
14223,3.8621676377660936
14224,5.133393155989579
14225,5.2787522625078696
14226,4.242416251455192
14227,4.624085926542294
14228,3.240359208299039
14229,2.1790986437474276
14230,0.5128341840428802
14231,3.992908908708122
14232,4.815257521732327
14233,3.5010124361882453
14234,3.7649545017096435
14235,4.052474765907323
14236,3.0659217310888036
14237,3.3406533143931907
14238,3.990564310543551
14239,4.396940512423285
14240,3.8529497278273785
14241,2.5899602342023407
14242,0.32396626049072597
14243,2.4573523033742295
14244,5.732222048543677
14245,1.3406656863040711
14246,7.463322197439395
14247,4.2117124367167404
14248,2.9807328660772128
14249,4.020705352926414
14250,4.212427809267427
14251,0.5742266923788838
14252,6.31979239002899
14253,3.527306604157218
14254,4.962669717166636
14255,5.2336974852106035
14256,6.208812620066998
14257,2.589119433651794
14258,7.520773089295374
14259,4.354737452596373
14260,4.1044991542242855
14261,8.416785490290284
14262,5.479020043780619
14263,2.7806905927896373
14264,5.264256957508931
14265,5.272990607595867
14266,4.832366710300602
14267,1.5711599193800712
14268,3.3797393859874068
14269,3.0292153861427074
14270,6.107229476712661
14271,7.461021078771196
14272,1.4383418870145106
14273,5.708736877960691
14274,1.0934541567388667
14275,2.6478055013973707
14276,3.1541837229702434
14277,3.520185816608932
14278,2.8706613845697078
14279,2.515147991765062
14280,3.7787674068832313
14281,4.89834691612232
14282,5.445957642516646
14283,3.6358976085217347
14284,5.565738732353426
14285,1.8937749343768053
14286,4.8115810577368965
14287,3.6587245458589623
14288,4.9535605349447
14289,4.841254609569948
14290,4.227329202856773
14291,2.9956700577969566
14292,2.926750338224066
14293,3.425631526383734
14294,3.088964828850513
14295,2.783628508736924
14296,5.670469485894147
14297,4.699303411988373
14298,2.9597514484593597
14299,3.3987718713428703
14300,2.528135483689747
14301,4.007964650277179
14302,2.878248032487332
14303,4.292530773772851
14304,1.5511977144792255
14305,6.374213045497805
14306,4.6123407192145995
14307,3.9595737568710456
14308,2.4710334865293264
14309,2.0667987827815204
14310,0.4689605933991978
14311,3.753593201533517
14312,2.997837101433675
14313,4.56006552928809
14314,5.50343497600676
14315,4.88038903934955
14316,4.101834355065055
14317,4.837677777228388
14318,5.869974631411438
14319,5.269973365619981
14320,3.600925063804176
14321,5.670630751247247
14322,1.2888137515720535
14323,5.943466318172226
14324,5.087307297185923
14325,5.484929999903754
14326,4.988691796669867
14327,2.610387893351149
14328,5.886217262742813
14329,5.374487989664195
14330,4.965141865887521
14331,3.680326351432061
14332,2.1158161896705323
14333,3.5767762038642865
14334,6.07499020257936
14335,5.673928860695461
14336,4.362772059284872
14337,2.6441984652168506
14338,3.1059076566341917
14339,4.519869702758855
14340,4.790714240834876
14341,1.405399735906612
14342,3.296531646215448
14343,4.894410906773281
14344,7.458076927711814
14345,5.897119805636206
14346,5.348527815441617
14347,8.224474354133353
14348,2.6945327978620726
14349,4.8983307838309775
14350,3.4783572425228195
14351,4.49174731936467
14352,5.318742629206532
14353,3.9230550536036812
14354,4.481193953876945
14355,2.3806036850888637
14356,3.3979727267428137
14357,2.285872364815891
14358,2.089589565611023
14359,2.601505558514326
14360,6.916459162427586
14361,1.8569442216928134
14362,7.999234231911401
14363,3.6112785416243103
14364,2.132293568659901
14365,3.9256943372342885
14366,4.718980166005554
14367,5.089324628276902
14368,6.576465329262419
14369,2.399472395690943
14370,5.908196148892383
14371,6.1059766803978235
14372,1.6637902679663055
14373,7.395000879811035
14374,1.137424170986168
14375,2.5929815459138728
14376,6.990562049959803
14377,0.9860221770590996
14378,5.614436617215247
14379,2.821218731085502
14380,1.0288367326196513
14381,7.465094212081676
14382,5.790168885894235
14383,1.4093793553107614
14384,5.408246967174947
14385,4.665416703933438
14386,5.42242894888163
14387,5.054051564535973
14388,1.6332010356794469
14389,3.12447224118002
14390,2.679544584444467
14391,5.595246424797289
14392,3.909163445178036
14393,4.467941935557932
14394,3.388377017825351
14395,5.752336610472855
14396,4.5151427678443
14397,1.0955290831415718
14398,5.911968776109472
14399,0.9081325670203853
14400,3.990852838990051
14401,4.241710149616694
14402,2.7382052365661655
14403,4.0649749717158645
14404,7.486833011625037
14405,2.074661574057619
14406,4.62912534797426
14407,4.296480397906478
14408,2.5493119249925873
14409,5.086029320724447
14410,5.026876190628416
14411,3.2792730518445428
14412,3.885949863424293
14413,2.5220001441244877
14414,3.7027674508488855
14415,3.613398849077745
14416,4.890948705166383
14417,3.742692967578132
14418,3.14244830902735
14419,1.4623471739359863
14420,7.684344223846056
14421,4.4471799292601535
14422,2.7456819663701895
14423,7.241913117705632
14424,3.0696938531559033
14425,5.362886576354408
14426,5.567250223055731
14427,3.6392697351977965
14428,3.47907035368179
14429,2.8728902300353347
14430,2.299043440454408
14431,2.7912269456205236
14432,2.5533416392481203
14433,1.3141508827163446
14434,2.520064161683251
14435,3.34438461015789
14436,3.7316974277717208
14437,3.540741887718973
14438,3.9192314647920385
14439,3.9094273135636843
14440,3.513503289422088
14441,4.178005501143899
14442,4.828085291783053
14443,2.7463988593803728
14444,2.761154238380473
14445,3.9785154545179298
14446,2.7929464086267894
14447,4.146563606291042
14448,3.1224793467554015
14449,2.5316894088030053
14450,3.176237137069399
14451,1.1986676952636341
14452,3.871096499789309
14453,4.120989819653054
14454,0.5650906955665239
14455,3.3800931652051114
14456,3.274128760432017
14457,3.283764029276754
14458,1.1403628645294674
14459,4.225800114606709
14460,2.8967581755142966
14461,3.701736978609319
14462,3.1584877849461157
14463,2.820967008573921
14464,3.659516833959421
14465,1.650524932484565
14466,2.5605339053781058
14467,2.9785539984563103
14468,4.14158142805246
14469,2.9597922639432563
14470,3.3207390898469704
14471,2.5031572606852883
14472,3.1204408254143745
14473,2.3846443937607433
14474,3.217532751181698
14475,2.023138651491298
14476,3.257210601727744
14477,2.1634413879969667
14478,2.2992962070424516
14479,3.3251286896753065
14480,2.6683018250649164
14481,3.4986322834251715
14482,5.009634172995564
14483,2.6137825427561983
14484,1.9655219195041749
14485,3.156653118298897
14486,3.854872943565325
14487,3.287353791837626
14488,2.479377438426621
14489,3.087596860183994
14490,2.6002228445828592
14491,3.6897582635243023
14492,1.030980468648045
14493,0.5666841128477421
14494,3.2546246972918875
14495,2.975487359899874
14496,2.7167653123502675
14497,2.319117201323868
14498,3.3520031403728745
14499,2.7408162268414205
14500,1.8703001397100474
14501,2.6793691960144446
14502,3.8053919372051253
14503,1.7222585271058775
14504,2.5989071585691006
14505,2.7648376044426715
14506,3.4486643912416746
14507,2.576447243411212
14508,2.75384555493682
14509,3.137651675108339
14510,1.5929213897555383
14511,2.202489893789329
14512,2.153190854740376
14513,3.803743824344666
14514,4.997389993887176
14515,3.0413311383852215
14516,3.855076334782235
14517,1.9819036413474538
14518,2.7313923669817863
14519,2.5371323646101662
14520,3.2739739204914438
14521,2.7858770336203236
14522,4.097823768175399
14523,3.493389667246719
14524,5.207170887668026
14525,3.200568115643381
14526,1.8232580872137856
14527,1.922113282769021
14528,2.791362876970919
14529,1.5211280286131648
14530,2.0668254039880876
14531,2.9943796074559983
14532,2.1749544546242325
14533,3.09685126769899
14534,2.163019142808324
14535,4.6887017819770245
14536,3.6519690125132716
14537,4.077700090193482
14538,0.3114215452849489
14539,3.628751310121926
14540,1.8446726569480045
14541,3.295750304909597
14542,1.3856745472622443
14543,2.9803077163585394
14544,3.009999822190125
14545,2.4364168050969406
14546,2.849469990616323
14547,2.0690740999692205
14548,3.7888769490995227
14549,3.8709695848996244
14550,1.7993667908401807
14551,0.7971555738978732
14552,3.44248861748428
14553,3.3501415902401566
14554,2.2811024680779464
14555,3.8700447415125616
14556,2.7653830652596167
14557,3.4526652542087226
14558,2.2702468885705045
14559,1.3084246913094486
14560,3.7320921982300876
14561,3.1086093842076257
14562,2.9549592801644198
14563,1.8203215477054466
14564,2.7317557459800965
14565,4.046617381344661
14566,4.251256300150446
14567,4.0232265001153085
14568,1.0543664465073084
14569,1.795629012868858
14570,3.9259743353154377
14571,4.127604292909701
14572,5.170570996417514
14573,2.3798004526734515
14574,3.1313126755416447
14575,1.5448130184097293
14576,3.740658343042847
14577,0.8078689462711757
14578,1.407071367796302
14579,2.797907927772328
14580,4.868459871817378
14581,5.042299117277691
14582,0.3736134287958919
14583,3.098954927134974
14584,2.936921252663136
14585,3.0127794504596817
14586,1.2429122536030077
14587,2.4250698952237895
14588,3.361967835480107
14589,2.3662580783769798
14590,3.5839258559638556
14591,4.980461562544203
14592,2.6047103093886643
14593,5.4926877256638305
14594,2.3529254042251266
14595,2.2099778123469718
14596,2.1531531651658935
14597,1.875434798137741
14598,1.6474199575468707
14599,2.022972218708694
14600,1.4259230024195049
14601,2.800954315422655
14602,2.9953272485211677
14603,3.4349268158002464
14604,2.41686162110542
14605,1.7780296643998654
14606,4.38498410828221
14607,3.219232107734019
14608,2.5973638369657475
14609,4.059030443533279
14610,2.3379498140432275
14611,3.101668661011782
14612,3.048172020144375
14613,2.2099252754526315
14614,2.1984394658212913
14615,1.8078723642054384
14616,3.684216980227268
14617,3.7538965496355345
14618,2.148133932687265
14619,1.306303568536684
14620,3.6604624690403513
14621,3.320532926695911
14622,5.230468334235173
14623,2.5770205725493316
14624,1.930519246449279
14625,2.280276124729337
14626,1.2243513374348314
14627,2.8381096624770836
14628,2.51676407972847
14629,1.6552427545671269
14630,2.533081424192994
14631,1.6878669155104524
14632,2.4430795113163795
14633,3.8811979337864564
14634,3.1988937603066576
14635,2.4858761566320626
14636,3.025082756288276
14637,2.810271671823172
14638,4.186942983752614
14639,5.2060263343443935
14640,2.5435957528175916
14641,2.511126548046588
14642,5.239837046919146
14643,2.5210865111284857
14644,3.7541299663467917
14645,2.9765335264585695
14646,2.2583651409043437
14647,3.8185626952276053
14648,2.990254413599748
14649,1.837367106724646
14650,1.4248781117984985
14651,4.214112711424212
14652,1.3094100374863467
14653,3.200905751165937
14654,3.000788576559677
14655,1.1558633626826638
14656,7.559238095423509
14657,6.674385381326313
14658,5.445819094570757
14659,6.836386362742624
14660,6.514482243367612
14661,6.189766392500602
14662,6.151422496348714
14663,4.27563848168127
14664,5.22709687884386
14665,5.802582274699674
14666,6.972543167713926
14667,5.017414259475276
14668,6.315455748870174
14669,6.313647743631418
14670,5.501890514439496
14671,0.7809137912724055
14672,5.2383873883412555
14673,2.0200280046623846
14674,1.0557357609391687
14675,5.654446502765355
14676,4.235598163457212
14677,5.294557834498523
14678,3.9991195150846073
14679,3.6341168577683383
14680,1.8021962494394668
14681,7.522459717581439
14682,3.649051165326652
14683,4.766858818015189
14684,5.322482380909534
14685,3.6340183765471585
14686,4.059360159951627
14687,5.685241633911306
14688,3.154578107978605
14689,4.702398144040048
14690,6.027047199335571
14691,4.04511878344181
14692,4.925509682089409
14693,4.317803570482404
14694,4.496446775859157
14695,2.992187271309602
14696,2.7671288495395006
14697,0.5308551307533136
14698,1.836285979841357
14699,3.551064416138785
14700,6.29319503898147
14701,6.277614658184735
14702,3.6289012181051064
14703,4.844547249405608
14704,6.608737227297049
14705,6.802850323407162
14706,4.232648256725436
14707,3.418027674705947
14708,6.822653498828741
14709,6.9128971194818645
14710,6.954694864775323
14711,3.2280095004887612
14712,4.66331117951557
14713,5.18526052393955
14714,3.0031452789334727
14715,-1.2914329129849282
14716,5.0074715122950515
14717,6.374703328901416
14718,4.092681079597739
14719,2.1406671510304633
14720,6.931049901285598
14721,2.239038688839216
14722,6.079157437672967
14723,5.745940399075257
14724,7.389420505856812
14725,4.5240478729884
14726,6.045361498398614
14727,3.2590320512527957
14728,5.489681967561626
14729,3.6023381280929905
14730,5.7715975433418
14731,1.311600258249258
14732,4.203816223602165
14733,5.541354861878338
14734,5.27414104248157
14735,4.338160769058273
14736,5.801290029347231
14737,3.920905392462224
14738,5.653365560413167
14739,7.2389256259373145
14740,3.8699111946304594
14741,1.6019485596428882
14742,7.210512108807259
14743,3.2378974928276185
14744,5.693782755654202
14745,3.9335972573082483
14746,1.768292731533253
14747,6.439198575355795
14748,4.846166644096324
14749,5.264874719124791
14750,2.3937146203254107
14751,6.111419524606877
14752,3.547068653488381
14753,5.680937185451754
14754,2.29914289426111
14755,3.4322565214088563
14756,4.017550356049593
14757,4.389986196177435
14758,2.8138426372380345
14759,4.599770470887286
14760,4.372615587913493
14761,5.051297807283079
14762,4.804543424507118
14763,3.132360478383661
14764,4.240426172084408
14765,4.1062688027655305
14766,4.101178094323292
14767,2.4774794936646463
14768,3.2671120514729544
14769,2.5987730914418394
14770,4.49718347222138
14771,7.039843472235036
14772,4.219262512267198
14773,4.233767531583304
14774,4.864389025416569
14775,3.753818264811321
14776,3.7553243268570546
14777,5.0798263222324485
14778,4.115586261776941
14779,1.605381570215181
14780,5.260854820055911
14781,3.585203163099906
14782,2.646594574988699
14783,0.07109955220695269
14784,2.738183916819166
14785,5.041811278370609
14786,4.876909777013678
14787,3.084132292015378
14788,2.0602926688433842
14789,4.375322355138533
14790,1.795376629668927
14791,4.397285452855381
14792,2.722297258058372
14793,0.8768319594406284
14794,2.418769681809668
14795,-0.4221379828607017
14796,2.4961669731354794
14797,5.058785644110414
14798,2.325317774758846
14799,4.217367522161439
14800,3.896357079396081
14801,4.42932615606274
14802,0.478523895995552
14803,3.0472624806762387
14804,3.990104950131247
14805,3.678902560141996
14806,2.5388768558957087
14807,2.349935410504514
14808,3.018352291595838
14809,4.164006270925069
14810,5.367209754111672
14811,1.8711116893900455
14812,3.296454679082384
14813,5.484061315841498
14814,2.4705833754813797
14815,2.7431530502935155
14816,3.169419574851427
14817,2.6953997413785538
14818,0.0769224552657028
14819,2.5199570532366997
14820,3.236358882856465
14821,1.6535598767301483
14822,3.646994919781003
14823,3.335534682450625
14824,1.3994926942242263
14825,5.0081062028785555
14826,2.2406700856927984
14827,2.81844776947076
14828,3.578534281151731
14829,1.2616113133171825
14830,3.948213886478075
14831,1.6997798407840852
14832,4.046916187327897
14833,3.5097330013241033
14834,4.775702587652572
14835,4.120441276712063
14836,4.254336317530216
14837,4.2822320361520125
14838,0.8443671139679554
14839,1.939727361614822
14840,5.014738497944412
14841,5.261343384067674
14842,4.837643914884385
14843,7.2712268466655665
14844,4.678302740868253
14845,3.691566954002611
14846,3.907055887634125
14847,3.6486320619535126
14848,5.3067322169081095
14849,3.7360140651904614
14850,7.821956041080534
14851,2.9958248370124836
14852,3.1086941354668096
14853,3.08569981486423
14854,0.47253995723208864
14855,2.215794058493212
14856,5.25011853993684
14857,2.352842685895379
14858,1.9236352071790397
14859,1.8034773579383403
14860,4.009608952742673
14861,3.084240070368318
14862,2.549196239623681
14863,3.170569037655776
14864,0.7013833876239213
14865,3.923256188347782
14866,1.925093741511092
14867,2.695501850284592
14868,4.5823388535504765
14869,5.00053172595446
14870,3.312945170879249
14871,4.269874037175675
14872,2.372349953283797
14873,3.113167473617903
14874,3.2685235170465865
14875,4.0112245812579745
14876,3.539380785805266
14877,2.215241878430821
14878,4.105511353579185
14879,5.715861143038108
14880,4.515980849507096
14881,4.025291438389913
14882,2.374866839272166
14883,4.632287916334889
14884,3.2430356200540698
14885,7.2478384196479695
14886,6.321933246251472
14887,5.533652066382303
14888,2.8180770668078585
14889,4.80147401113766
14890,5.441497174009151
14891,2.8718637622400403
14892,2.893317247057784
14893,3.4267520403886125
14894,5.332899145815128
14895,6.804856004535889
14896,5.199516997062577
14897,4.139425291140903
14898,5.037566895654216
14899,4.751378218062762
14900,4.977628819355686
14901,7.996524860049582
14902,4.426460883491887
14903,2.584500266576295
14904,6.107730813633311
14905,6.132436987619858
14906,4.794126806709812
14907,1.3125114017606059
14908,4.522255991618213
14909,3.0726042499631143
14910,2.4191531129947386
14911,5.906209842503937
14912,5.0890950267111466
14913,5.553856901789265
14914,6.59843926090473
14915,2.527291852228014
14916,5.289915189359046
14917,6.850301715129886
14918,5.572416201473423
14919,3.8250276171530313
14920,5.868410692866535
14921,5.309257502636549
14922,2.737748820691817
14923,5.587234098248513
14924,5.908201218380156
14925,4.615042649275113
14926,5.688541277361596
14927,4.554404541236068
14928,7.023295408746488
14929,7.6874982292001395
14930,5.281437153647871
14931,2.9598019705623733
14932,4.428248919661938
14933,8.376036142308145
14934,3.0923792221469646
14935,3.2513507978802307
14936,6.0123241341081375
14937,6.539189242338086
14938,5.33486405440351
14939,3.721202506318838
14940,4.690865003861146
14941,1.0705193047566746
14942,7.047010907415283
14943,0.3063542558346104
14944,5.392177797254336
14945,5.109929282687537
14946,7.740335514367389
14947,2.037727932491166
14948,2.355905210879226
14949,4.176682750251392
14950,5.490013892366643
14951,1.5921355477574628
14952,3.0843501828560655
14953,3.8640259829772727
14954,1.1912601785020474
14955,2.6631019097045328
14956,3.769491641102897
14957,2.285553609162122
14958,1.9755346368696212
14959,2.5913733393049494
14960,1.1002394865848177
14961,2.415989279042948
14962,1.9640122938349767
14963,2.29372204464951
14964,1.3768478233266348
14965,4.049226828807366
14966,3.5891060652211593
14967,3.386531923626009
14968,2.1144029558255832
14969,4.951714539354969
14970,2.1026792497721973
14971,4.010120670591997
14972,4.234685360942162
14973,3.4780668513117377
14974,3.5742246298720253
14975,1.6834815652217858
14976,3.556898191148736
14977,3.1661190423802736
14978,3.024953139632636
14979,3.243246926192899
14980,5.918894007826452
14981,4.8142933579160845
14982,1.3778760101105514
14983,3.3824198198688227
14984,3.7172054348612544
14985,3.9910127603012864
14986,1.574299180618302
14987,2.2464486353552355
14988,4.610637619313839
14989,1.7420752332525693
14990,2.0856108188386386
14991,2.3654324756858336
14992,1.619016582595075
14993,4.724477502466675
14994,5.260544225463391
14995,3.3047982654311427
14996,4.397011789272942
14997,2.0470474882655356
14998,3.236845368265018
14999,3.0037381499347213
15000,2.010663969899188
15001,2.1012922877162423
15002,4.810938432974699
15003,3.8279269573060954
15004,2.185302546978263
15005,3.573560665317197
15006,1.2014750142113975
15007,3.0171954036647257
15008,3.1655429430382327
15009,2.728096388944674
15010,3.8128429202990803
15011,3.631372793013559
15012,2.920592040353886
15013,2.973332046184568
15014,1.4964498029509405
15015,3.834745733311734
15016,3.343618354836863
15017,4.047620640377447
15018,2.1476481008009025
15019,2.5622202042906324
15020,6.616656826408428
15021,2.7391397219753184
15022,2.9141262560706767
15023,4.631102954677283
15024,2.245550145764421
15025,3.491719968662917
15026,3.283566936924145
15027,1.6940218499066209
15028,2.9296331778008464
15029,3.177604646531939
15030,4.415661205120279
15031,2.2078105579864946
15032,2.725473617656381
15033,2.4376672663597447
15034,2.626311697387457
15035,0.9286656121170609
15036,4.63268064183179
15037,1.6982379448023408
15038,6.661737521752791
15039,4.418227284010144
15040,3.413518957374777
15041,3.7126558229562523
15042,3.187271644217121
15043,4.497350710488378
15044,4.26831389297872
15045,1.5118452454294193
15046,2.1803153165284743
15047,2.7190151543595995
15048,3.494299956641202
15049,3.057816936771744
15050,4.783700986331001
15051,1.6091008855703035
15052,5.330423155176835
15053,1.306942517854609
15054,3.606626627467241
15055,2.484732711950478
15056,2.275877534273336
15057,3.5731703643437833
15058,5.073658857865143
15059,3.5010104049932784
15060,2.131421556834742
15061,-0.022467659039899918
15062,5.03320014981244
15063,2.6534264857361993
15064,2.497347257493562
15065,4.380118499752774
15066,3.8704902962593337
15067,1.6474022783929774
15068,2.0753695465029742
15069,4.672620402964597
15070,5.837194474203605
15071,4.703749423619844
15072,3.1146746842295823
15073,1.6324817065749748
15074,3.774506089304809
15075,2.663572198521219
15076,3.684077349876204
15077,3.51588940271359
15078,4.431616391480459
15079,3.685621092979129
15080,-2.119859787493687
15081,3.250365599376328
15082,0.7162000786505791
15083,3.472626263616803
15084,3.490297846330588
15085,1.6736357943407227
15086,2.4955066193535327
15087,4.5499974875308515
15088,3.973031425124951
15089,1.4193472972373815
15090,3.9812710478685194
15091,4.818823433819609
15092,0.9799772261041693
15093,2.952206937197524
15094,5.134072226306156
15095,3.402126974579602
15096,1.3244987029891342
15097,2.625164343695864
15098,4.3958311005741475
15099,3.5682439134357704
15100,2.375651078670644
15101,2.16159502182394
15102,-0.7164579622662884
15103,1.8419324098597332
15104,1.6796564788689299
15105,2.5720584024462156
15106,2.1308376093408046
15107,2.239250656142263
15108,2.249526867483214
15109,3.6067601256645796
15110,0.11748449482005147
15111,3.371197715822179
15112,2.1233536000199766
15113,2.1319721143669725
15114,2.6740776524156624
15115,2.9931650010217568
15116,3.7145594605658387
15117,1.253471252864047
15118,2.238531463522665
15119,2.140931375656
15120,1.5500266585783398
15121,1.6088199259045726
15122,2.4974515838959515
15123,3.552724757794938
15124,2.36294513512823
15125,1.7602258142796954
15126,2.195518265352085
15127,3.633756724439018
15128,2.73471707733394
15129,2.4796083871821457
15130,2.2982612724533005
15131,4.698453287702451
15132,7.523637367608802
15133,4.976880568956642
15134,4.789288455952688
15135,4.501215464666394
15136,3.092771726722566
15137,4.77950044740843
15138,3.3222029735674283
15139,4.213939680905515
15140,3.6447987866766325
15141,3.3102121199941417
15142,5.138610462568311
15143,3.2035261893368476
15144,4.1539184641996965
15145,4.016480042821419
15146,1.6645597450135572
15147,0.44102119362716574
15148,2.7868761431980835
15149,1.6179951786364688
15150,4.554042858904788
15151,2.234460073678915
15152,2.3228187986388376
15153,4.926746791699003
15154,5.580937760798024
15155,4.39192073179684
15156,1.1728976247021725
15157,4.281204882217366
15158,7.579197836303714
15159,3.100793691902513
15160,4.97496126941241
15161,3.2819544063685315
15162,5.936157494930297
15163,3.6618776790103196
15164,4.897507905632949
15165,7.488196708866171
15166,3.904194431749053
15167,1.20491717982116
15168,4.625327720968985
15169,7.21181745160847
15170,2.759022781343093
15171,4.918181745268723
15172,5.322297361438114
15173,5.850877576276926
15174,5.464193789736769
15175,4.993211770390763
15176,3.5618739299842006
15177,3.1754165407207995
15178,2.0277973151572084
15179,3.0895280422002585
15180,0.8221100399782868
15181,1.862077109575444
15182,6.124525875342159
15183,4.039174026620531
15184,3.3272918571145653
15185,7.560485794283288
15186,4.294089013391806
15187,5.606344224450302
15188,5.853951572799237
15189,4.967474797705858
15190,2.160468143206406
15191,2.099290918560706
15192,2.6319516813313686
15193,1.8043031916522745
15194,4.23494122299153
15195,4.460937845376925
15196,3.3915027972124556
15197,2.100802135553822
15198,4.203365338263128
15199,4.280613237999225
15200,2.928915107079207
15201,2.9899176456567855
15202,3.5725918010793336
15203,2.0015167398209264
15204,4.812212567871601
15205,2.2919837467204704
15206,5.546568230891013
15207,1.9251600962671405
15208,5.3862720347489095
15209,4.141246495679964
15210,0.5609559034621354
15211,1.6522702863807737
15212,0.32798111310085676
15213,4.383720384084709
15214,1.9188661103642644
15215,6.4189009051561055
15216,4.74731877094689
15217,4.03382973367475
15218,4.100622289266098
15219,4.363768620391618
15220,1.195749837554272
15221,5.977950621245454
15222,1.884746885804343
15223,5.063716122051401
15224,2.7414104461805517
15225,4.129968476388375
15226,2.341931756567638
15227,0.8459289604040667
15228,2.6885842630170984
15229,4.046543650970122
15230,3.0925374912821146
15231,2.332644640582722
15232,1.9413681548632802
15233,2.587151672394487
15234,1.6627000772429894
15235,2.3682760423544114
15236,1.114519774190276
15237,3.1878403596574887
15238,2.7510164538258386
15239,2.664075920477806
15240,2.781185444006102
15241,4.813613414331494
15242,3.410017354234816
15243,3.005664371077136
15244,2.0836713069755164
15245,2.980073528845019
15246,2.4229477802791597
15247,2.6383820798143507
15248,0.9685424324675751
15249,2.40787704368321
15250,2.5770058964059013
15251,4.464869344036526
15252,1.3496073245240927
15253,2.6854505518299976
15254,0.8614736987614064
15255,3.367826003989692
15256,2.5169990858890046
15257,1.4414462147097407
15258,3.236820759180017
15259,3.8448893758088634
15260,4.342221130124728
15261,1.920101286367451
15262,4.444332152414924
15263,2.395723348082216
15264,1.899550003603753
15265,4.439940797077722
15266,2.189369426604857
15267,3.2854286361248612
15268,1.5755775584426204
15269,2.553211630622308
15270,2.5063059234278753
15271,4.270197318439879
15272,2.441645435566042
15273,2.4320999948940645
15274,3.245710807104935
15275,2.9891617659934875
15276,3.163050843927107
15277,5.5189828374542955
15278,1.0795179171946667
15279,0.8295023267469028
15280,2.8216359224727086
15281,4.079942694614642
15282,4.532613126823946
15283,4.331849153997779
15284,3.264918919176244
15285,4.19021648477645
15286,3.1656394438858317
15287,2.497741992970578
15288,4.812212942038754
15289,2.8499223306176016
15290,2.7006572711399492
15291,2.138628467966428
15292,3.009041937787175
15293,3.495736680119391
15294,3.2185267491158767
15295,1.2259521078625581
15296,0.4731889164524278
15297,1.4329230884103357
15298,2.194361183685251
15299,2.354178473879314
15300,5.574915100726753
15301,1.3881007178097708
15302,3.746433145909195
15303,3.1244535196508174
15304,0.8471476533280566
15305,0.692735742804827
15306,2.518900338994311
15307,2.273161356726778
15308,2.719138027351155
15309,3.859640413730803
15310,2.9337054709987744
15311,2.825786338148146
15312,1.2119469035946167
15313,3.6057914516215543
15314,1.4289534100783134
15315,2.0659904323108473
15316,2.4608592129945954
15317,2.310359292542253
15318,1.3105717291662442
15319,3.096469198716362
15320,2.580671069647382
15321,3.7152772676840677
15322,2.4881447857388808
15323,3.849805951259496
15324,1.9194499655311188
15325,1.8085787613586382
15326,3.7055351018432834
15327,3.2480846941177366
15328,3.7497759329055853
15329,3.1037976726888976
15330,3.437189417318562
15331,2.353619436221056
15332,3.141953665809461
15333,2.3234131148138593
15334,3.198476973544593
15335,4.711069481611321
15336,1.9375295763692146
15337,4.411451537932073
15338,2.4239841555642796
15339,2.1683931843515483
15340,2.1712472544599697
15341,3.3070951393305568
15342,3.9241050420870804
15343,2.4257293202100536
15344,3.052581988917272
15345,1.9063927509095335
15346,6.578791239879631
15347,2.949194051230886
15348,4.311203434259308
15349,6.3052631425696175
15350,5.647169527104787
15351,3.3205621962254557
15352,5.9666754774411555
15353,3.052246535639801
15354,5.205212270923716
15355,4.493223166030786
15356,6.616858238447411
15357,5.011354859680205
15358,5.850025187319671
15359,4.5578014995142295
15360,1.443128085327762
15361,5.394826896740039
15362,5.436177713060305
15363,1.721502033464052
15364,5.092273926915791
15365,4.127052728502581
15366,6.971750599425166
15367,5.7053121245108755
15368,6.319449572738608
15369,6.337811423624767
15370,3.9735615080642486
15371,2.256749483180184
15372,6.631502276986978
15373,5.617681453214342
15374,3.2058295173666314
15375,1.9055573976170694
15376,2.4686046037966487
15377,3.545054126048333
15378,6.439395182648397
15379,0.7467232468328237
15380,4.517312671268637
15381,4.370722970158695
15382,4.317680222272391
15383,7.353748511260572
15384,2.430715460005152
15385,4.936160289054862
15386,1.9583855702119046
15387,1.4066285349164842
15388,5.4481131748817
15389,3.0484524422753037
15390,5.341718131128112
15391,4.923749278062947
15392,0.9385598092647198
15393,1.9596061777900222
15394,2.403852845197796
15395,4.260326585185062
15396,3.9541020340544577
15397,0.37374416406814226
15398,2.0866163170765124
15399,5.739751461841565
15400,3.6706782013708117
15401,5.070010618389309
15402,5.79351835443609
15403,5.883329124276851
15404,6.394491368936547
15405,6.172801139626733
15406,7.55678218567065
15407,2.6675434381803496
15408,6.2718898383907
15409,3.9506705529959607
15410,2.4127190179795455
15411,4.475839773041802
15412,4.571316370932592
15413,1.277325662966311
15414,4.53614622607601
15415,4.613899949836358
15416,3.3976635593413067
15417,5.841441988680546
15418,5.621220577750431
15419,4.401957146098886
15420,2.11989512195346
15421,2.8844468930104763
15422,3.9433055871829863
15423,3.9002540498819025
15424,3.774203083542529
15425,3.915101316571267
15426,3.9197483144403886
15427,3.477949175262273
15428,5.695414286514657
15429,3.3620694401545372
15430,3.814400162642234
15431,3.307183080728035
15432,3.8019018784823038
15433,0.8698519762548784
15434,3.441178040941636
15435,4.408034881602483
15436,4.7592694354578
15437,2.6121153271611353
15438,4.1860303403730486
15439,3.1218976199937103
15440,1.6290859439527428
15441,3.9917386467852083
15442,5.677302405514682
15443,2.9693842913115214
15444,3.431827440655476
15445,2.8287108526530504
15446,2.136207517918983
15447,3.3142405529843098
15448,3.7353590962601095
15449,3.7915023496838316
15450,5.860025395030072
15451,4.164315311931528
15452,3.851465956626602
15453,3.3940839272719203
15454,3.964822854854207
15455,3.8103943096834803
15456,4.6834325779055135
15457,3.0677497513469656
15458,4.806365689965607
15459,2.4325338414427917
15460,3.934469474114162
15461,1.0898971847528238
15462,2.642719460288898
15463,4.1630274795091315
15464,3.9692383599895553
15465,2.164115483639243
15466,1.5544980055856807
15467,1.6235902547434446
15468,3.4414645494282925
15469,3.931520512889347
15470,2.748320710536522
15471,4.21466977632637
15472,3.6803865090385686
15473,4.252837484687085
15474,3.536254831600557
15475,4.227591675410062
15476,4.995473165555169
15477,4.049619753766678
15478,3.330024852268345
15479,4.489792304987838
15480,4.027893742299119
15481,2.9370187269334114
15482,5.067289000575614
15483,2.9781825240361393
15484,4.7948554980239075
15485,4.12180494528394
15486,4.35276180875597
15487,4.110938141079837
15488,3.9827944227505947
15489,5.133451729019987
15490,3.2645650312863848
15491,2.4933606692723083
15492,0.9191897597105421
15493,0.9597535143179969
15494,3.4875675470955314
15495,3.8120480704279913
15496,7.081434177711448
15497,4.973127212296794
15498,1.8323241452716212
15499,3.1771758368961773
15500,3.6014361163285074
15501,4.977727847333148
15502,3.3501753905133143
15503,2.2424683861695116
15504,4.624366627136283
15505,4.041224285488454
15506,4.730276047952104
15507,4.439350140013284
15508,4.463576763550825
15509,4.290997833978226
15510,3.755020164968871
15511,1.5314484767468322
15512,4.0167587066233414
15513,4.834117820460046
15514,2.402635650908401
15515,2.595153991569452
15516,4.126335949472238
15517,6.777127875555057
15518,2.8879461482668445
15519,1.0705552826143478
15520,3.4884385907925246
15521,4.646494056664802
15522,0.21242034035685864
15523,5.971462887052214
15524,2.5931786136218
15525,0.6492304562469134
15526,1.9566866552528865
15527,2.770925019900407
15528,2.423312291885983
15529,2.3596122340951093
15530,1.6005017717013372
15531,0.5295693979312347
15532,4.600844133826618
15533,3.9167987100611876
15534,2.0838556649634343
15535,3.9221560198786953
15536,4.258147893307614
15537,7.121285807327733
15538,2.5894953729506076
15539,2.2440472211440703
15540,3.3516218333299563
15541,4.0013704370704
15542,5.730222771394755
15543,3.390853799593828
15544,7.687461141894065
15545,6.74093011488723
15546,4.264904638210399
15547,5.401087896781023
15548,4.953738386241837
15549,6.726999022907939
15550,8.469884302417224
15551,1.9491598931922325
15552,6.186139808751596
15553,7.1766345603837856
15554,5.756075614699392
15555,5.622788156483801
15556,2.7298422373232607
15557,5.793755169077924
15558,2.4252879833531105
15559,3.9507058722203148
15560,3.94119884454864
15561,4.543899034298971
15562,5.593803036974899
15563,2.7499239108918987
15564,1.5486745535485376
15565,3.1683859134964396
15566,0.7497901204514931
15567,4.766131449585996
15568,3.6666974600771853
15569,5.087240149634313
15570,6.020877789125895
15571,1.1035278195065705
15572,0.23419338223271735
15573,2.439420800852599
15574,2.720211837697521
15575,0.17465718786409618
15576,5.4516364693339305
15577,4.567487232685916
15578,8.241523658705841
15579,3.7367116787972514
15580,5.175421318614386
15581,1.5115261748210354
15582,4.412287033547006
15583,4.253098881888887
15584,7.0368943787314056
15585,1.5394931023919343
15586,7.732225613570258
15587,4.890631450339542
15588,6.70131392488527
15589,1.1563158590993141
15590,5.055802684018614
15591,3.259589487562812
15592,3.7869671835821075
15593,3.9874968939215716
15594,6.460208180901299
15595,5.935915993501849
15596,6.5326631532669515
15597,7.2656603430893805
15598,0.47082311987177594
15599,3.9974593823474383
15600,5.656103785475643
15601,2.232184918067911
15602,3.174429101385294
15603,4.998993055087184
15604,3.7174804658560916
15605,8.337266235142003
15606,2.684777397167982
15607,4.580487109318002
15608,1.4623633236793732
15609,3.1959145704864618
15610,5.21020481920115
15611,2.4325294854039377
15612,3.506293688011796
15613,2.5805079030880154
15614,1.6239924385894706
15615,2.560620613287823
15616,2.563951775513301
15617,2.530456050681307
15618,2.8936279883348224
15619,3.2420280031948217
15620,1.5731591272451861
15621,5.078149127596436
15622,1.6533483872943253
15623,4.0197724801817145
15624,4.451337045914329
15625,1.7162179760638199
15626,3.1362120339261126
15627,2.753512413421449
15628,2.6770469878388514
15629,2.1755262242545004
15630,4.522314634454468
15631,4.465263942741674
15632,2.8079704467032864
15633,3.012602938072866
15634,3.5086180045939916
15635,4.005775129857403
15636,2.9951566704088965
15637,2.094413504709619
15638,2.675255102639068
15639,4.793953612939028
15640,3.8581477154356856
15641,3.9702938860916372
15642,4.78888766536836
15643,1.802875728776065
15644,1.8303657773548205
15645,2.008746005216117
15646,2.2176286115679495
15647,3.393572820893326
15648,4.285268542881592
15649,3.034702904928475
15650,3.1644222996439795
15651,1.7264664562922747
15652,5.5884996438756644
15653,3.1396256263999716
15654,2.596546796952339
15655,4.019739827558737
15656,2.1706455315910285
15657,1.8963429859868106
15658,2.0226232759977787
15659,3.4785525428886124
15660,1.641697864007423
15661,2.2300498613209747
15662,3.5292981759621607
15663,3.814064198036168
15664,3.177363166046497
15665,2.052011915675638
15666,3.6953071420109516
15667,2.124617094006461
15668,2.4457806534538813
15669,3.769594003938865
15670,1.6073393458362155
15671,3.2315471023646447
15672,3.3896869543168577
15673,4.190467049255579
15674,2.537132692238323
15675,3.309227617279481
15676,2.9231500908493677
15677,1.8902286197949518
15678,4.320898675858718
15679,2.9607859589500345
15680,5.184545090814012
15681,3.6313819179623215
15682,4.193434223292239
15683,1.1506073606482052
15684,2.151061841509996
15685,1.8741579284865932
15686,3.0728917266523244
15687,2.6917397319664134
15688,3.7341473845381343
15689,3.768859527752276
15690,3.556075517713005
15691,3.7782487457080114
15692,3.169640147887916
15693,4.418427737226804
15694,2.7198129597254166
15695,1.5372956639638582
15696,2.644047845779543
15697,5.747072247717413
15698,2.7477847862083897
15699,3.8806178071424045
15700,4.592207164714499
15701,1.810161381836262
15702,1.9977864255661162
15703,4.989918994307628
15704,3.61632909870889
15705,3.007189115262183
15706,6.082093550581722
15707,-0.2637225984781639
15708,2.2524740425971514
15709,3.0767541449006863
15710,4.50662457697376
15711,3.209633210223702
15712,3.7339189340181953
15713,4.116459759696357
15714,3.0141833873613795
15715,4.299638297893953
15716,3.8847284722863105
15717,2.969717919219845
15718,3.749014004351813
15719,5.62081056690475
15720,3.969525343897783
15721,1.8472784698604676
15722,4.739157197875068
15723,4.68066052860809
15724,3.409377201629084
15725,-0.053287489115770414
15726,6.694538287636548
15727,2.3911357255991335
15728,1.7663036631944002
15729,3.2072387306276418
15730,4.0488882746202375
15731,5.3362676941523395
15732,3.4028201236553266
15733,2.0912256088182057
15734,3.3095063407649934
15735,4.2824942514998146
15736,4.066182861870382
15737,4.583877714262334
15738,3.235780409324324
15739,2.596491004430878
15740,3.2907420888199286
15741,2.973645378538991
15742,4.550176125239589
15743,3.1774791932610036
15744,2.7562296384102933
15745,4.159763359615548
15746,2.836033874222712
15747,4.082859510107352
15748,3.984559798654222
15749,1.9058390019447873
15750,0.8885638858128522
15751,1.8661180190721591
15752,3.1269159203817187
15753,1.3437832501429066
15754,2.4236728269602144
15755,1.835833372060672
15756,2.899138913480432
15757,0.7687879030836118
15758,3.276857959867954
15759,2.541266622334405
15760,2.419150381942862
15761,2.6031933128996676
15762,4.4236299999959146
15763,1.3300107970554127
15764,4.002935567400244
15765,1.597090767481677
15766,4.870311616332805
15767,2.1081926476932327
15768,2.5469005136477656
15769,2.444801198000096
15770,1.7171632240961847
15771,1.8945883351264947
15772,2.3783899420671117
15773,1.7313553018658976
15774,2.82514470236307
15775,1.9065560192938076
15776,1.4706545878999735
15777,1.7321469995288568
15778,2.0774575581817523
15779,3.121201541555287
15780,2.847917740228362
15781,3.0902300406636574
15782,1.3794450414527109
15783,2.461864605377872
15784,2.4541813479034467
15785,1.8934450171127786
15786,3.1789987865198817
15787,5.007491228299968
15788,4.607248062647791
15789,3.1315549461665797
15790,7.44245463448254
15791,3.8754671064092854
15792,3.0996529372300183
15793,2.1315773733251016
15794,7.14391637807954
15795,2.2022713735715884
15796,5.459901690702163
15797,1.2949467123693246
15798,3.2499576186148276
15799,7.604741040138854
15800,5.510862081528918
15801,5.033671862923662
15802,4.847936971063645
15803,4.869962566916425
15804,5.451008945509304
15805,2.976219755595955
15806,4.990401961588941
15807,5.371461822141128
15808,2.209352248512325
15809,5.3784677759574295
15810,1.0624428346670396
15811,0.8359974565722574
15812,4.403723673503523
15813,3.8002570365570905
15814,3.4958452795004225
15815,1.3959259377773885
15816,4.627223053662448
15817,3.5170793357959407
15818,3.7394903107587596
15819,4.997631139295046
15820,4.028591789994183
15821,5.916156310490702
15822,4.938609574401286
15823,3.343417129896393
15824,5.4635661797213215
15825,2.153924729523114
15826,3.2438964863384983
15827,3.123911103417294
15828,3.2978875966305066
15829,3.8999232245242528
15830,5.604430886288244
15831,4.409561299345956
15832,5.880439554206913
15833,6.141254668598233
15834,4.9398733352905655
15835,0.854552260883326
15836,4.070885288593709
15837,5.70000238331663
15838,2.148243437834639
15839,0.9862395674017119
15840,3.1918163678305853
15841,2.2970598778538407
15842,7.653808591030542
15843,4.344286720139814
15844,3.083504429264157
15845,0.9217481164989851
15846,4.628724452957216
15847,4.160664438970217
15848,3.9022409009501935
15849,3.7574782260178003
15850,7.521335465438125
15851,5.622607102656997
15852,2.773022919416398
15853,6.865843748917642
15854,2.345049656198698
15855,3.287180153734251
15856,5.730543417035353
15857,2.66916409798043
15858,5.367416461648162
15859,7.00486995994194
15860,4.182044804280225
15861,6.1141638494611
15862,5.6486765207422485
15863,4.825941141209761
15864,5.755428191851037
15865,3.1274845122150516
15866,3.933219183145721
15867,4.560377512397041
15868,4.70271586872558
15869,4.892781212369125
15870,2.181489300221574
15871,1.411466581055225
15872,1.3816546188790018
15873,2.431535787154052
15874,5.009977945399803
15875,5.143751179203416
15876,4.543854475775328
15877,0.63419935078814
15878,5.039330872646687
15879,2.0595673355341853
15880,8.198030251776181
15881,4.07401453374184
15882,3.214486359584411
15883,5.1419975392653186
15884,4.890927094599919
15885,4.974390245110995
15886,0.6117295438443899
15887,3.285831830798695
15888,2.4825667180933317
15889,1.981025986121919
15890,4.147974848824741
15891,2.9246257586321738
15892,4.4354811048663345
15893,2.786667470933913
15894,3.012498969552226
15895,5.063737073398936
15896,3.1963001816877754
15897,1.6452341606807945
15898,3.400413840697762
15899,1.547556318259349
15900,1.1161523015946557
15901,3.899765835240495
15902,1.044732067899597
15903,2.469757015904082
15904,3.5763927202800763
15905,1.4153444366511754
15906,2.7801757296428313
15907,2.0428627783881637
15908,1.982125237624908
15909,3.9781705268320486
15910,2.204483999795141
15911,2.3528931694970754
15912,5.227601994233454
15913,2.961264852485009
15914,3.206225340055956
15915,3.166374068028863
15916,3.2809646018162897
15917,4.348613085495324
15918,1.827330426173265
15919,3.210311508132067
15920,4.600876310034418
15921,3.219721373303616
15922,3.2132695530345026
15923,2.8047517145481966
15924,1.2006197705721502
15925,3.014446926900245
15926,2.342722836025275
15927,2.4441778329444808
15928,1.7574470832905553
15929,2.5553150896080643
15930,4.883982154902061
15931,2.473595145825791
15932,2.5147663531549
15933,3.0750169219073897
15934,2.581781903194412
15935,3.003551857636524
15936,5.058584357604996
15937,2.6651145874020723
15938,3.257452970109054
15939,3.6849327657399042
15940,5.164149155061412
15941,2.196304372668508
15942,0.3322164080147185
15943,4.2060014406891195
15944,1.388234024081419
15945,3.7518864564235064
15946,4.194052950361923
15947,1.904269623259708
15948,2.3810646348246847
15949,2.14125941323848
15950,3.0575259902950935
15951,4.629619341010593
15952,4.1166000064767045
15953,3.4246740844810946
15954,2.897259731351271
15955,2.1804991444462085
15956,3.668895868812887
15957,4.061750229666425
15958,3.5829676912838155
15959,2.912661516216121
15960,3.7218650409161818
15961,2.6057640588933295
15962,2.9409388348252805
15963,1.2911595797343216
15964,2.137054710525576
15965,1.7773032554090158
15966,1.9286005702869806
15967,2.265959288081291
15968,5.172747256082258
15969,3.0509626248235704
15970,2.6076727532353843
15971,0.9863582891195488
15972,3.8074707652841404
15973,1.986990644118495
15974,2.602302640119532
15975,2.8572148111820583
15976,2.0548615337835225
15977,3.2831119192422853
15978,2.5898191675732387
15979,2.563123421453037
15980,4.715355158532998
15981,2.318893539681232
15982,3.140713394989193
15983,4.987350952655442
15984,3.5593618056128387
15985,3.5473748653342527
15986,1.2053403977042916
15987,3.0964921180622595
15988,4.40177405633288
15989,3.596292186099565
15990,2.4769921370056696
15991,3.74011213261977
15992,1.1919139423688807
15993,4.158139004077808
15994,2.729210767789757
15995,2.1028497079332626
15996,1.7135253433050448
15997,3.484191527938881
15998,3.124277857933738
15999,1.2012155740270722
16000,1.745447200785083
16001,1.8413482775549337
16002,3.7343661396468892
16003,5.417334328324532
16004,2.4876022638077715
16005,3.231745023678082
16006,7.441286799591888
16007,2.1157270869011473
16008,5.271916426906693
16009,4.286776983643953
16010,1.1318503603824326
16011,5.151437868083468
16012,6.568883189529508
16013,1.9491037501701922
16014,6.491696042910708
16015,8.100847867000788
16016,5.654216549443617
16017,6.750595390992204
16018,5.998494797359583
16019,2.5198116975151383
16020,5.016255348230182
16021,3.306243033452373
16022,4.852601263232106
16023,5.331259309140293
16024,4.851855821578951
16025,1.8790823170819655
16026,1.5588391058204472
16027,3.580238773901132
16028,3.3265539165271467
16029,3.6471276896563865
16030,2.4061527125696447
16031,2.5262549968089467
16032,2.973211628408193
